Date,Open,High,Low,No. of Trades,Volume,Value,Last Trade Price,Last Trade Date,Prev. Close,Close,Net Change,PayoutRatio,Ticker,Industry,Name,Exchange - Market,Country of Origin,Stock Splits,Dividends
8/20/20,1.15,1.18,1.15,208,14149274,16563947.16,1.18,20/08/2020,1.15,1.18,0.03,0,AIRARABIA,Transportation,Air Arabia P.J.S.C.,DFM,UAE,0,0
8/19/20,1.15,1.16,1.15,54,1269696,1461166.65,1.15,19/08/2020,1.16,1.15,-0.01,0,AIRARABIA,Transportation,Air Arabia P.J.S.C.,DFM,UAE,0,0
8/18/20,1.17,1.17,1.14,40,1963818,2261154.71,1.16,18/08/2020,1.17,1.16,-0.01,0,AIRARABIA,Transportation,Air Arabia P.J.S.C.,DFM,UAE,0,0
8/17/20,1.15,1.17,1.14,176,11601692,13380813.46,1.17,17/08/2020,1.16,1.17,0.01,0,AIRARABIA,Transportation,Air Arabia P.J.S.C.,DFM,UAE,0,0
8/16/20,1.15,1.16,1.15,41,3203992,3707913.17,1.16,16/08/2020,1.15,1.16,0.01,0,AIRARABIA,Transportation,Air Arabia P.J.S.C.,DFM,UAE,0,0
8/13/20,1.14,1.17,1.14,167,11308722,13014995.7,1.15,13/08/2020,1.13,1.15,0.02,0,AIRARABIA,Transportation,Air Arabia P.J.S.C.,DFM,UAE,0,0
12/8/20,1.12,1.15,1.12,94,5154539,5815414.11,1.13,12/8/20,1.11,1.13,0.02,0,AIRARABIA,Transportation,Air Arabia P.J.S.C.,DFM,UAE,0,0
11/8/20,1.11,1.12,1.1,128,7078042,7849739.29,1.11,11/8/20,1.13,1.11,-0.02,0,AIRARABIA,Transportation,Air Arabia P.J.S.C.,DFM,UAE,0,0
10/8/20,1.14,1.14,1.12,32,1379680,1558816.66,1.13,10/8/20,1.13,1.13,0,0,AIRARABIA,Transportation,Air Arabia P.J.S.C.,DFM,UAE,0,0
9/8/20,1.14,1.15,1.13,29,1023986,1165139.58,1.13,9/8/20,1.14,1.13,-0.01,0,AIRARABIA,Transportation,Air Arabia P.J.S.C.,DFM,UAE,0,0
6/8/20,1.13,1.15,1.13,136,4470455,5101505.34,1.14,6/8/20,1.14,1.14,0,0,AIRARABIA,Transportation,Air Arabia P.J.S.C.,DFM,UAE,0,0
5/8/20,1.14,1.15,1.13,35,738744,842242.16,1.14,5/8/20,1.14,1.14,0,0,AIRARABIA,Transportation,Air Arabia P.J.S.C.,DFM,UAE,0,0
4/8/20,1.15,1.15,1.14,49,903331,1033438.25,1.14,4/8/20,1.14,1.14,0,0,AIRARABIA,Transportation,Air Arabia P.J.S.C.,DFM,UAE,0,0
3/8/20,1.15,1.17,1.13,79,3726660,4277283.7,1.14,3/8/20,1.15,1.14,-0.01,0,AIRARABIA,Transportation,Air Arabia P.J.S.C.,DFM,UAE,0,0
7/29/20,1.15,1.16,1.13,39,1149648,1314395.25,1.15,29/07/2020,1.13,1.15,0.02,0,AIRARABIA,Transportation,Air Arabia P.J.S.C.,DFM,UAE,0,0
7/28/20,1.13,1.17,1.12,87,3684050,4234262.43,1.13,28/07/2020,1.13,1.13,0,0,AIRARABIA,Transportation,Air Arabia P.J.S.C.,DFM,UAE,0,0
7/27/20,1.12,1.14,1.12,39,1131427,1278126.93,1.13,27/07/2020,1.13,1.13,0,0,AIRARABIA,Transportation,Air Arabia P.J.S.C.,DFM,UAE,0,0
7/26/20,1.12,1.14,1.11,48,1724465,1935168.86,1.13,26/07/2020,1.12,1.13,0.01,0,AIRARABIA,Transportation,Air Arabia P.J.S.C.,DFM,UAE,0,0
7/23/20,1.13,1.13,1.12,56,2142156,2413554.72,1.12,23/07/2020,1.13,1.12,-0.01,0,AIRARABIA,Transportation,Air Arabia P.J.S.C.,DFM,UAE,0,0
7/22/20,1.14,1.15,1.13,101,3817924,4343273.32,1.13,22/07/2020,1.14,1.13,-0.01,0,AIRARABIA,Transportation,Air Arabia P.J.S.C.,DFM,UAE,0,0
7/21/20,1.16,1.16,1.14,81,2361006,2711576.84,1.14,21/07/2020,1.16,1.14,-0.02,0,AIRARABIA,Transportation,Air Arabia P.J.S.C.,DFM,UAE,0,0
7/20/20,1.15,1.16,1.15,39,1047036,1207990.25,1.16,20/07/2020,1.16,1.16,0,0,AIRARABIA,Transportation,Air Arabia P.J.S.C.,DFM,UAE,0,0
7/19/20,1.15,1.17,1.15,48,1303500,1508124.78,1.16,19/07/2020,1.16,1.16,0,0,AIRARABIA,Transportation,Air Arabia P.J.S.C.,DFM,UAE,0,0
7/16/20,1.17,1.17,1.16,38,894607,1039770.13,1.16,16/07/2020,1.18,1.16,-0.02,0,AIRARABIA,Transportation,Air Arabia P.J.S.C.,DFM,UAE,0,0
7/15/20,1.15,1.18,1.15,86,3409827,3998512.14,1.18,15/07/2020,1.17,1.18,0.01,0,AIRARABIA,Transportation,Air Arabia P.J.S.C.,DFM,UAE,0,0
7/14/20,1.16,1.17,1.14,95,3298611,3785644.55,1.17,14/07/2020,1.16,1.17,0.01,0,AIRARABIA,Transportation,Air Arabia P.J.S.C.,DFM,UAE,0,0
7/13/20,1.17,1.17,1.15,78,2677039,3106822.59,1.16,13/07/2020,1.16,1.16,0,0,AIRARABIA,Transportation,Air Arabia P.J.S.C.,DFM,UAE,0,0
12/7/20,1.16,1.17,1.15,69,2540680,2939816.7,1.16,12/7/20,1.16,1.16,0,0,AIRARABIA,Transportation,Air Arabia P.J.S.C.,DFM,UAE,0,0
9/7/20,1.19,1.19,1.15,195,10991924,12800335.41,1.16,9/7/20,1.19,1.16,-0.03,0,AIRARABIA,Transportation,Air Arabia P.J.S.C.,DFM,UAE,0,0
8/7/20,1.21,1.22,1.19,73,3583888,4312740.69,1.19,8/7/20,1.21,1.19,-0.02,0,AIRARABIA,Transportation,Air Arabia P.J.S.C.,DFM,UAE,0,0
7/7/20,1.22,1.24,1.21,67,2045320,2494760.98,1.21,7/7/20,1.22,1.21,-0.01,0,AIRARABIA,Transportation,Air Arabia P.J.S.C.,DFM,UAE,0,0
6/7/20,1.21,1.23,1.2,103,5641147,6869154.89,1.22,6/7/20,1.21,1.22,0.01,0,AIRARABIA,Transportation,Air Arabia P.J.S.C.,DFM,UAE,0,0
5/7/20,1.21,1.21,1.2,45,2005341,2412161.47,1.21,5/7/20,1.2,1.21,0.01,0,AIRARABIA,Transportation,Air Arabia P.J.S.C.,DFM,UAE,0,0
2/7/20,1.21,1.21,1.18,103,5035046,6033394.27,1.2,2/7/20,1.21,1.2,-0.01,0,AIRARABIA,Transportation,Air Arabia P.J.S.C.,DFM,UAE,0,0
1/7/20,1.23,1.25,1.2,145,5224044,6414169.11,1.21,1/7/20,1.23,1.21,-0.02,0,AIRARABIA,Transportation,Air Arabia P.J.S.C.,DFM,UAE,0,0
6/30/20,1.24,1.24,1.22,96,28942228,35853205.53,1.23,30/06/2020,1.23,1.23,0,0,AIRARABIA,Transportation,Air Arabia P.J.S.C.,DFM,UAE,0,0
6/29/20,1.25,1.27,1.22,415,47201704,58427735.95,1.23,29/06/2020,1.24,1.23,-0.01,0,AIRARABIA,Transportation,Air Arabia P.J.S.C.,DFM,UAE,0,0
6/28/20,1.21,1.25,1.19,183,11169081,13686003.08,1.24,28/06/2020,1.19,1.24,0.05,0,AIRARABIA,Transportation,Air Arabia P.J.S.C.,DFM,UAE,0,0
6/25/20,1.18,1.21,1.17,145,10003487,11853385.83,1.19,25/06/2020,1.2,1.19,-0.01,0,AIRARABIA,Transportation,Air Arabia P.J.S.C.,DFM,UAE,0,0
6/24/20,1.21,1.22,1.19,165,5140714,6172305.04,1.2,24/06/2020,1.21,1.2,-0.01,0,AIRARABIA,Transportation,Air Arabia P.J.S.C.,DFM,UAE,0,0
6/23/20,1.2,1.21,1.19,112,5776314,6953986.91,1.21,23/06/2020,1.2,1.21,0.01,0,AIRARABIA,Transportation,Air Arabia P.J.S.C.,DFM,UAE,0,0
6/22/20,1.15,1.22,1.15,341,29900419,35621617.87,1.2,22/06/2020,1.14,1.2,0.06,0,AIRARABIA,Transportation,Air Arabia P.J.S.C.,DFM,UAE,0,0
6/21/20,1.14,1.15,1.13,32,1479204,1683100.98,1.14,21/06/2020,1.13,1.14,0.01,0,AIRARABIA,Transportation,Air Arabia P.J.S.C.,DFM,UAE,0,0
6/18/20,1.13,1.15,1.13,81,6244348,7082311.52,1.13,18/06/2020,1.14,1.13,-0.01,0,AIRARABIA,Transportation,Air Arabia P.J.S.C.,DFM,UAE,0,0
6/17/20,1.14,1.14,1.13,80,3907257,4429895.2,1.14,17/06/2020,1.13,1.14,0.01,0,AIRARABIA,Transportation,Air Arabia P.J.S.C.,DFM,UAE,0,0
6/16/20,1.15,1.16,1.13,194,12207738,13896662.28,1.13,16/06/2020,1.11,1.13,0.02,0,AIRARABIA,Transportation,Air Arabia P.J.S.C.,DFM,UAE,0,0
6/15/20,1.14,1.15,1.11,128,4246878,4797246.43,1.11,15/06/2020,1.15,1.11,-0.04,0,AIRARABIA,Transportation,Air Arabia P.J.S.C.,DFM,UAE,0,0
6/14/20,1.15,1.16,1.14,122,3759614,4317646.37,1.15,14/06/2020,1.17,1.15,-0.02,0,AIRARABIA,Transportation,Air Arabia P.J.S.C.,DFM,UAE,0,0
11/6/20,1.18,1.18,1.16,95,5751383,6728500.92,1.17,11/6/20,1.19,1.17,-0.02,0,AIRARABIA,Transportation,Air Arabia P.J.S.C.,DFM,UAE,0,0
10/6/20,1.18,1.2,1.17,105,6032523,7192975.4,1.19,10/6/20,1.19,1.19,0,0,AIRARABIA,Transportation,Air Arabia P.J.S.C.,DFM,UAE,0,0
9/6/20,1.18,1.19,1.17,198,13565654,15987235.6,1.19,9/6/20,1.19,1.19,0,0,AIRARABIA,Transportation,Air Arabia P.J.S.C.,DFM,UAE,0,0
8/6/20,1.22,1.22,1.17,387,18845402,22395420.83,1.19,8/6/20,1.22,1.19,-0.03,0,AIRARABIA,Transportation,Air Arabia P.J.S.C.,DFM,UAE,0,0
7/6/20,1.15,1.22,1.15,481,34469525,41306834.67,1.22,7/6/20,1.15,1.22,0.07,0,AIRARABIA,Transportation,Air Arabia P.J.S.C.,DFM,UAE,0,0
4/6/20,1.11,1.15,1.1,221,12154496,13710497.71,1.15,4/6/20,1.1,1.15,0.05,0,AIRARABIA,Transportation,Air Arabia P.J.S.C.,DFM,UAE,0,0
3/6/20,1.12,1.13,1.1,271,9725370,10919942.95,1.1,3/6/20,1.12,1.1,-0.02,0,AIRARABIA,Transportation,Air Arabia P.J.S.C.,DFM,UAE,0,0
2/6/20,1.07,1.14,1.07,558,30310450,33691621.54,1.12,2/6/20,1.07,1.12,0.05,0,AIRARABIA,Transportation,Air Arabia P.J.S.C.,DFM,UAE,0,0
1/6/20,1.06,1.08,1.04,137,6461937,6891679.08,1.07,1/6/20,1.04,1.07,0.03,0,AIRARABIA,Transportation,Air Arabia P.J.S.C.,DFM,UAE,0,0
5/31/20,1.08,1.08,1.04,92,3518959,3724292.52,1.04,31/05/2020,1.06,1.04,-0.02,0,AIRARABIA,Transportation,Air Arabia P.J.S.C.,DFM,UAE,0,0
5/28/20,1.05,1.08,1.05,265,13963585,14867010.22,1.06,28/05/2020,1.04,1.06,0.02,0,AIRARABIA,Transportation,Air Arabia P.J.S.C.,DFM,UAE,0,0
5/27/20,1.04,1.07,1.03,241,11579252,12081627,1.04,27/05/2020,1.01,1.04,0.03,0,AIRARABIA,Transportation,Air Arabia P.J.S.C.,DFM,UAE,0,0
5/21/20,1.02,1.03,1,158,5975813,6030479.72,1.01,21/05/2020,1.02,1.01,-0.01,0,AIRARABIA,Transportation,Air Arabia P.J.S.C.,DFM,UAE,0,0
5/20/20,1.02,1.02,1,54,1527413,1552513.51,1.02,20/05/2020,1.01,1.02,0.01,0,AIRARABIA,Transportation,Air Arabia P.J.S.C.,DFM,UAE,0,0
5/19/20,1.02,1.03,1,78,2446991,2474468.83,1.01,19/05/2020,1.01,1.01,0,0,AIRARABIA,Transportation,Air Arabia P.J.S.C.,DFM,UAE,0,0
5/18/20,1.02,1.02,1,71,1443678,1457382.72,1.01,18/05/2020,1.02,1.01,-0.01,0,AIRARABIA,Transportation,Air Arabia P.J.S.C.,DFM,UAE,0,0
5/17/20,1.02,1.03,1.01,45,1002688,1018379.08,1.02,17/05/2020,1,1.02,0.02,0,AIRARABIA,Transportation,Air Arabia P.J.S.C.,DFM,UAE,0,0
5/14/20,1.01,1.01,1,116,5047744,5072606.06,1,14/05/2020,1.01,1,-0.01,0,AIRARABIA,Transportation,Air Arabia P.J.S.C.,DFM,UAE,0,0
5/13/20,1.02,1.02,1.01,72,2622981,2669662.43,1.01,13/05/2020,1.02,1.01,-0.01,0,AIRARABIA,Transportation,Air Arabia P.J.S.C.,DFM,UAE,0,0
12/5/20,1.01,1.03,1.01,59,1618694,1643751.46,1.02,12/5/20,1,1.02,0.02,0,AIRARABIA,Transportation,Air Arabia P.J.S.C.,DFM,UAE,0,0
11/5/20,1.02,1.02,0.99,94,3105293,3106695.19,1,11/5/20,1.02,1,-0.02,0,AIRARABIA,Transportation,Air Arabia P.J.S.C.,DFM,UAE,0,0
10/5/20,1.05,1.05,0.99,191,11314384,11370807.54,1.02,10/5/20,1.04,1.02,-0.02,0,AIRARABIA,Transportation,Air Arabia P.J.S.C.,DFM,UAE,0,0
7/5/20,1.02,1.04,1.02,83,3513931,3632274.32,1.04,7/5/20,1.03,1.04,0.01,0,AIRARABIA,Transportation,Air Arabia P.J.S.C.,DFM,UAE,0,0
6/5/20,1.07,1.07,1.02,141,7658202,7932871.11,1.03,6/5/20,1.07,1.03,-0.04,0,AIRARABIA,Transportation,Air Arabia P.J.S.C.,DFM,UAE,0,0
5/5/20,1.1,1.11,1.06,114,4259099,4605686.86,1.07,5/5/20,1.07,1.07,0,0,AIRARABIA,Transportation,Air Arabia P.J.S.C.,DFM,UAE,0,0
4/5/20,1.05,1.1,1.04,249,8804193,9287520.46,1.07,4/5/20,1.09,1.07,-0.02,0,AIRARABIA,Transportation,Air Arabia P.J.S.C.,DFM,UAE,0,0
3/5/20,1.13,1.13,1.09,197,11017295,12067947.42,1.09,3/5/20,1.14,1.09,-0.05,0,AIRARABIA,Transportation,Air Arabia P.J.S.C.,DFM,UAE,0,0
4/30/20,1.15,1.17,1.13,288,10333023,11865367.16,1.14,30/04/2020,1.15,1.14,-0.01,0,AIRARABIA,Transportation,Air Arabia P.J.S.C.,DFM,UAE,0,0
4/29/20,1.15,1.16,1.13,207,8064272,9247337.73,1.15,29/04/2020,1.15,1.15,0,0,AIRARABIA,Transportation,Air Arabia P.J.S.C.,DFM,UAE,0,0
4/28/20,1.15,1.17,1.13,348,11105829,12727071.18,1.15,28/04/2020,1.16,1.15,-0.01,0,AIRARABIA,Transportation,Air Arabia P.J.S.C.,DFM,UAE,0,0
4/27/20,1.14,1.17,1.12,234,10052554,11571421.25,1.16,27/04/2020,1.13,1.16,0.03,0,AIRARABIA,Transportation,Air Arabia P.J.S.C.,DFM,UAE,0,0
4/26/20,1.12,1.17,1.11,416,20415945,23198345.86,1.13,26/04/2020,1.07,1.13,0.06,0,AIRARABIA,Transportation,Air Arabia P.J.S.C.,DFM,UAE,0,0
4/23/20,1.03,1.07,1.03,175,10844746,11402230.66,1.07,23/04/2020,1.05,1.07,0.02,0,AIRARABIA,Transportation,Air Arabia P.J.S.C.,DFM,UAE,0,0
4/22/20,1.01,1.05,1.01,104,3710122,3838845.2,1.05,22/04/2020,1.02,1.05,0.03,0,AIRARABIA,Transportation,Air Arabia P.J.S.C.,DFM,UAE,0,0
4/21/20,1.03,1.03,1.01,136,4900552,4996074.66,1.02,21/04/2020,1.04,1.02,-0.02,0,AIRARABIA,Transportation,Air Arabia P.J.S.C.,DFM,UAE,0,0
4/20/20,1.06,1.06,1.03,80,3094164,3212378.94,1.04,20/04/2020,1.06,1.04,-0.02,0,AIRARABIA,Transportation,Air Arabia P.J.S.C.,DFM,UAE,0,0
4/19/20,1.05,1.06,1.02,87,2891338,3002957.42,1.06,19/04/2020,1.02,1.06,0.04,0,AIRARABIA,Transportation,Air Arabia P.J.S.C.,DFM,UAE,0,0
4/16/20,1.06,1.06,1.02,144,4619080,4770767.9,1.02,16/04/2020,1.03,1.02,-0.01,0,AIRARABIA,Transportation,Air Arabia P.J.S.C.,DFM,UAE,0,0
4/15/20,1.06,1.06,1.03,144,5093000,5302581.6,1.03,15/04/2020,1.05,1.03,-0.02,0,AIRARABIA,Transportation,Air Arabia P.J.S.C.,DFM,UAE,0,0
4/14/20,1.05,1.07,1.04,117,4020715,4231905.13,1.05,14/04/2020,1.04,1.05,0.01,0,AIRARABIA,Transportation,Air Arabia P.J.S.C.,DFM,UAE,0,0
4/13/20,1.06,1.11,1.03,296,11688652,12466363.09,1.04,13/04/2020,1.03,1.04,0.01,0,AIRARABIA,Transportation,Air Arabia P.J.S.C.,DFM,UAE,0,0
12/4/20,0.929,1.04,0.929,297,14942005,14615250.97,1.03,12/4/20,0.915,1.03,0.12,0,AIRARABIA,Transportation,Air Arabia P.J.S.C.,DFM,UAE,0,0
9/4/20,0.901,0.93,0.901,157,4410064,4050815.14,0.915,9/4/20,0.902,0.915,0.01,0,AIRARABIA,Transportation,Air Arabia P.J.S.C.,DFM,UAE,0,0
8/4/20,0.91,0.913,0.893,207,7274470,6554858.66,0.902,8/4/20,0.9,0.902,0,0,AIRARABIA,Transportation,Air Arabia P.J.S.C.,DFM,UAE,0,0
7/4/20,0.922,0.927,0.89,186,8705254,7918435.83,0.9,7/4/20,0.89,0.9,0.01,0,AIRARABIA,Transportation,Air Arabia P.J.S.C.,DFM,UAE,0,0
6/4/20,0.92,0.92,0.881,108,3268936,2921947.26,0.89,6/4/20,0.9,0.89,-0.01,0,AIRARABIA,Transportation,Air Arabia P.J.S.C.,DFM,UAE,0,0
5/4/20,0.888,0.93,0.879,69,2529107,2258216.92,0.9,5/4/20,0.87,0.9,0.03,0,AIRARABIA,Transportation,Air Arabia P.J.S.C.,DFM,UAE,0,0
2/4/20,0.904,0.91,0.87,193,6160830,5521645.83,0.87,2/4/20,0.904,0.87,-0.03,0,AIRARABIA,Transportation,Air Arabia P.J.S.C.,DFM,UAE,0,0
1/4/20,0.969,0.969,0.904,193,7044688,6556081.97,0.904,1/4/20,0.951,0.904,-0.05,0,AIRARABIA,Transportation,Air Arabia P.J.S.C.,DFM,UAE,0,0
3/31/20,0.94,0.96,0.94,140,5280693,4989195.47,0.951,31/03/2020,0.94,0.951,0.01,0,AIRARABIA,Transportation,Air Arabia P.J.S.C.,DFM,UAE,0,0
3/30/20,0.969,0.969,0.938,114,3559085,3364506.95,0.94,30/03/2020,0.94,0.94,0,0,AIRARABIA,Transportation,Air Arabia P.J.S.C.,DFM,UAE,0,0
3/29/20,0.95,0.955,0.933,86,2374007,2246799.82,0.94,29/03/2020,0.975,0.94,-0.04,0,AIRARABIA,Transportation,Air Arabia P.J.S.C.,DFM,UAE,0,0
3/26/20,0.98,0.98,0.95,168,6702855,6436751.05,0.975,26/03/2020,0.96,0.975,0.02,0,AIRARABIA,Transportation,Air Arabia P.J.S.C.,DFM,UAE,0,0
3/25/20,0.91,0.98,0.89,215,12783681,12014270.13,0.96,25/03/2020,0.875,0.96,0.09,0,AIRARABIA,Transportation,Air Arabia P.J.S.C.,DFM,UAE,0,0
3/24/20,0.867,0.894,0.867,354,15151580,13223987.74,0.875,24/03/2020,0.912,0.875,-0.04,0,AIRARABIA,Transportation,Air Arabia P.J.S.C.,DFM,UAE,0,0
3/23/20,0.913,0.913,0.912,98,7101404,6477008.06,0.912,23/03/2020,0.96,0.912,-0.05,0,AIRARABIA,Transportation,Air Arabia P.J.S.C.,DFM,UAE,0,0
3/22/20,0.97,0.98,0.96,107,40106636,38503785.56,0.96,22/03/2020,1.01,0.96,-0.05,0,AIRARABIA,Transportation,Air Arabia P.J.S.C.,DFM,UAE,0,0
3/19/20,1.01,1.03,1.01,160,12375297,12506506.29,1.01,19/03/2020,1.06,1.01,-0.05,0,AIRARABIA,Transportation,Air Arabia P.J.S.C.,DFM,UAE,0,0
3/18/20,1.07,1.08,1.03,197,8655835,9100315.35,1.06,18/03/2020,1.04,1.06,0.02,0,AIRARABIA,Transportation,Air Arabia P.J.S.C.,DFM,UAE,0,0
3/17/20,1.02,1.04,0.993,261,21510534,21685963.15,1.04,17/03/2020,1.04,1.04,0,0,AIRARABIA,Transportation,Air Arabia P.J.S.C.,DFM,UAE,0,0
3/16/20,1.02,1.08,1.02,221,15234475,15938810.6,1.04,16/03/2020,1.08,1.04,-0.04,0,AIRARABIA,Transportation,Air Arabia P.J.S.C.,DFM,UAE,0,0
3/15/20,1.12,1.19,1.07,221,11173175,12261293.38,1.08,15/03/2020,1.12,1.08,-0.04,0,AIRARABIA,Transportation,Air Arabia P.J.S.C.,DFM,UAE,0,0
12/3/20,1.2,1.2,1.11,485,53418688,59859351.76,1.12,12/3/20,1.23,1.12,-0.11,0,AIRARABIA,Transportation,Air Arabia P.J.S.C.,DFM,UAE,0,0
11/3/20,1.25,1.32,1.22,225,10260242,12997145.03,1.23,11/3/20,1.22,1.23,0.01,0,AIRARABIA,Transportation,Air Arabia P.J.S.C.,DFM,UAE,0,0
10/3/20,1.14,1.23,1.12,223,10186722,12060121.44,1.22,10/3/20,1.08,1.22,0.14,0,AIRARABIA,Transportation,Air Arabia P.J.S.C.,DFM,UAE,0,0
9/3/20,1.06,1.09,1.04,179,9321021,9881223.63,1.08,9/3/20,1.15,1.08,-0.07,0,AIRARABIA,Transportation,Air Arabia P.J.S.C.,DFM,UAE,0,0
8/3/20,1.2,1.21,1.14,249,16709049,19500182.42,1.15,8/3/20,1.24,1.15,-0.09,0,AIRARABIA,Transportation,Air Arabia P.J.S.C.,DFM,UAE,0,0
5/3/20,1.33,1.34,1.23,306,19895977,25229326.71,1.24,5/3/20,1.3,1.24,-0.06,0,AIRARABIA,Transportation,Air Arabia P.J.S.C.,DFM,UAE,0,0
4/3/20,1.31,1.32,1.29,393,27739317,36031849.21,1.3,4/3/20,1.34,1.3,-0.04,0,AIRARABIA,Transportation,Air Arabia P.J.S.C.,DFM,UAE,0,0
3/3/20,1.4,1.4,1.33,244,22821549,31307124.76,1.34,3/3/20,1.38,1.34,-0.04,0,AIRARABIA,Transportation,Air Arabia P.J.S.C.,DFM,UAE,0,0
2/3/20,1.31,1.38,1.31,185,10898927,14831782.82,1.38,2/3/20,1.3,1.38,0.08,0,AIRARABIA,Transportation,Air Arabia P.J.S.C.,DFM,UAE,0,0
1/3/20,1.34,1.35,1.3,195,12222596,16207035,1.3,1/3/20,1.4,1.3,-0.1,0,AIRARABIA,Transportation,Air Arabia P.J.S.C.,DFM,UAE,0,0
2/27/20,1.38,1.41,1.34,341,17305181,23755260.95,1.4,27/02/2020,1.4,1.4,0,0,AIRARABIA,Transportation,Air Arabia P.J.S.C.,DFM,UAE,0,0
2/26/20,1.41,1.41,1.37,155,14759853,20447050.8,1.4,26/02/2020,1.43,1.4,-0.03,0,AIRARABIA,Transportation,Air Arabia P.J.S.C.,DFM,UAE,0,0
2/25/20,1.47,1.47,1.41,276,18570287,26784688.18,1.43,25/02/2020,1.48,1.43,-0.05,0,AIRARABIA,Transportation,Air Arabia P.J.S.C.,DFM,UAE,0,0
8/20/20,10.75,10.8,10.55,541,4989383,53140150.75,10.65,20/08/2020,10.75,10.65,-0.1,0,EMIRATESNBD,Banks,Emirates NBD PJSC,DFM,UAE,0,0
8/19/20,10.5,10.8,10.4,840,6784957,72446371.5,10.75,19/08/2020,10.45,10.75,0.3,0,EMIRATESNBD,Banks,Emirates NBD PJSC,DFM,UAE,0,0
8/18/20,10.5,10.7,10.25,655,6332132,66280300.1,10.45,18/08/2020,10.5,10.45,-0.05,0,EMIRATESNBD,Banks,Emirates NBD PJSC,DFM,UAE,0,0
8/17/20,10.05,10.5,10.05,1032,8472215,87656064.15,10.5,17/08/2020,10.05,10.5,0.45,0,EMIRATESNBD,Banks,Emirates NBD PJSC,DFM,UAE,0,0
8/16/20,9.93,10.1,9.85,238,4650048,46534131.2,10.05,16/08/2020,9.75,10.05,0.3,0,EMIRATESNBD,Banks,Emirates NBD PJSC,DFM,UAE,0,0
8/13/20,9.5,9.94,9.31,1411,12882450,125608411.2,9.75,13/08/2020,9.5,9.75,0.25,0,EMIRATESNBD,Banks,Emirates NBD PJSC,DFM,UAE,0,0
12/8/20,9.26,9.5,9.26,296,2667897,25194160.63,9.5,12/8/20,9.25,9.5,0.25,0,EMIRATESNBD,Banks,Emirates NBD PJSC,DFM,UAE,0,0
11/8/20,9.35,9.37,9.2,194,1845482,17110330.73,9.25,11/8/20,9.2,9.25,0.05,0,EMIRATESNBD,Banks,Emirates NBD PJSC,DFM,UAE,0,0
10/8/20,9.23,9.38,9.2,313,2847101,26355624.07,9.2,10/8/20,9.25,9.2,-0.05,0,EMIRATESNBD,Banks,Emirates NBD PJSC,DFM,UAE,0,0
9/8/20,9.15,9.4,9.01,140,2269619,20928118.14,9.25,9/8/20,9.35,9.25,-0.1,0,EMIRATESNBD,Banks,Emirates NBD PJSC,DFM,UAE,0,0
6/8/20,9.26,9.39,9.23,439,3153150,29465533.05,9.35,6/8/20,9.2,9.35,0.15,0,EMIRATESNBD,Banks,Emirates NBD PJSC,DFM,UAE,0,0
5/8/20,9.12,9.24,9.11,449,3718147,34184066.54,9.2,5/8/20,9.12,9.2,0.08,0,EMIRATESNBD,Banks,Emirates NBD PJSC,DFM,UAE,0,0
4/8/20,9.06,9.12,9.04,450,9913576,89933479.68,9.12,4/8/20,9.04,9.12,0.08,0,EMIRATESNBD,Banks,Emirates NBD PJSC,DFM,UAE,0,0
3/8/20,9.08,9.08,8.99,368,1987469,17925930.4,9.04,3/8/20,8.84,9.04,0.2,0,EMIRATESNBD,Banks,Emirates NBD PJSC,DFM,UAE,0,0
7/29/20,8.95,8.95,8.82,215,1121808,9971234.82,8.84,29/07/2020,8.87,8.84,-0.03,0,EMIRATESNBD,Banks,Emirates NBD PJSC,DFM,UAE,0,0
7/28/20,8.99,8.99,8.86,221,2842942,25223618.12,8.87,28/07/2020,9,8.87,-0.13,0,EMIRATESNBD,Banks,Emirates NBD PJSC,DFM,UAE,0,0
7/27/20,9,9,8.88,410,2446842,21937463.15,9,27/07/2020,8.93,9,0.07,0,EMIRATESNBD,Banks,Emirates NBD PJSC,DFM,UAE,0,0
7/26/20,8.95,8.95,8.93,24,136933,1223290.35,8.93,26/07/2020,8.89,8.93,0.04,0,EMIRATESNBD,Banks,Emirates NBD PJSC,DFM,UAE,0,0
7/23/20,8.96,9.01,8.85,352,3165477,28138199.11,8.89,23/07/2020,9,8.89,-0.11,0,EMIRATESNBD,Banks,Emirates NBD PJSC,DFM,UAE,0,0
7/22/20,9.13,9.13,8.96,382,3686847,33195377.89,9,22/07/2020,9.14,9,-0.14,0,EMIRATESNBD,Banks,Emirates NBD PJSC,DFM,UAE,0,0
7/21/20,8.9,9.14,8.9,507,6777983,61211561.36,9.14,21/07/2020,8.63,9.14,0.51,0,EMIRATESNBD,Banks,Emirates NBD PJSC,DFM,UAE,0,0
7/20/20,8.74,8.85,8.62,290,2741846,23989806.9,8.63,20/07/2020,8.8,8.63,-0.17,0,EMIRATESNBD,Banks,Emirates NBD PJSC,DFM,UAE,0,0
7/19/20,8.65,8.8,8.62,161,945010,8211231.5,8.8,19/07/2020,8.55,8.8,0.25,0,EMIRATESNBD,Banks,Emirates NBD PJSC,DFM,UAE,0,0
7/16/20,8.5,8.65,8.5,294,1948966,16731215.75,8.55,16/07/2020,8.5,8.55,0.05,0,EMIRATESNBD,Banks,Emirates NBD PJSC,DFM,UAE,0,0
7/15/20,8.61,8.67,8.39,287,2265404,19308571.97,8.5,15/07/2020,8.62,8.5,-0.12,0,EMIRATESNBD,Banks,Emirates NBD PJSC,DFM,UAE,0,0
7/14/20,8.76,8.78,8.56,299,3613938,31320475.78,8.62,14/07/2020,8.76,8.62,-0.14,0,EMIRATESNBD,Banks,Emirates NBD PJSC,DFM,UAE,0,0
7/13/20,8.92,8.92,8.76,148,1265141,11175080.78,8.76,13/07/2020,8.88,8.76,-0.12,0,EMIRATESNBD,Banks,Emirates NBD PJSC,DFM,UAE,0,0
12/7/20,8.85,8.91,8.85,94,1098625,9772122.43,8.88,12/7/20,8.89,8.88,-0.01,0,EMIRATESNBD,Banks,Emirates NBD PJSC,DFM,UAE,0,0
9/7/20,8.81,8.89,8.81,167,2333621,20652129.29,8.89,9/7/20,8.88,8.89,0.01,0,EMIRATESNBD,Banks,Emirates NBD PJSC,DFM,UAE,0,0
8/7/20,8.99,8.99,8.83,228,1823419,16180735.93,8.88,8/7/20,8.9,8.88,-0.02,0,EMIRATESNBD,Banks,Emirates NBD PJSC,DFM,UAE,0,0
7/7/20,8.99,8.99,8.9,202,1415876,12622794.81,8.9,7/7/20,8.86,8.9,0.04,0,EMIRATESNBD,Banks,Emirates NBD PJSC,DFM,UAE,0,0
6/7/20,8.9,8.93,8.84,214,1450064,12868070.67,8.86,6/7/20,8.81,8.86,0.05,0,EMIRATESNBD,Banks,Emirates NBD PJSC,DFM,UAE,0,0
5/7/20,8.9,8.9,8.81,55,220941,1952884.69,8.81,5/7/20,8.9,8.81,-0.09,0,EMIRATESNBD,Banks,Emirates NBD PJSC,DFM,UAE,0,0
2/7/20,8.95,8.95,8.88,153,2057161,18307795.12,8.9,2/7/20,8.9,8.9,0,0,EMIRATESNBD,Banks,Emirates NBD PJSC,DFM,UAE,0,0
1/7/20,8.93,8.94,8.86,139,2154244,19174611.54,8.9,1/7/20,8.86,8.9,0.04,0,EMIRATESNBD,Banks,Emirates NBD PJSC,DFM,UAE,0,0
6/30/20,8.86,8.97,8.84,151,4056498,35949501.73,8.86,30/06/2020,8.86,8.86,0,0,EMIRATESNBD,Banks,Emirates NBD PJSC,DFM,UAE,0,0
6/29/20,8.9,9.08,8.85,247,1937419,17206420.33,8.86,29/06/2020,8.9,8.86,-0.04,0,EMIRATESNBD,Banks,Emirates NBD PJSC,DFM,UAE,0,0
6/28/20,8.85,8.99,8.85,185,2119005,18900314.21,8.9,28/06/2020,8.9,8.9,0,0,EMIRATESNBD,Banks,Emirates NBD PJSC,DFM,UAE,0,0
6/25/20,8.91,8.99,8.85,225,3656921,32554233.3,8.9,25/06/2020,9,8.9,-0.1,0,EMIRATESNBD,Banks,Emirates NBD PJSC,DFM,UAE,0,0
6/24/20,9.15,9.23,8.92,267,3846032,35080766.52,9,24/06/2020,9.1,9,-0.1,0,EMIRATESNBD,Banks,Emirates NBD PJSC,DFM,UAE,0,0
6/23/20,9.07,9.13,9,343,2968976,27017990.2,9.1,23/06/2020,9,9.1,0.1,0,EMIRATESNBD,Banks,Emirates NBD PJSC,DFM,UAE,0,0
6/22/20,8.95,9.03,8.92,248,2035042,18285435.12,9,22/06/2020,8.84,9,0.16,0,EMIRATESNBD,Banks,Emirates NBD PJSC,DFM,UAE,0,0
6/21/20,9.18,9.26,8.84,136,1507395,13463697.87,8.84,21/06/2020,9.2,8.84,-0.36,0,EMIRATESNBD,Banks,Emirates NBD PJSC,DFM,UAE,0,0
6/18/20,8.99,9.2,8.93,543,5393324,49259780.41,9.2,18/06/2020,8.93,9.2,0.27,0,EMIRATESNBD,Banks,Emirates NBD PJSC,DFM,UAE,0,0
6/17/20,8.95,8.95,8.74,642,4911843,43676751.81,8.93,17/06/2020,8.81,8.93,0.12,0,EMIRATESNBD,Banks,Emirates NBD PJSC,DFM,UAE,0,0
6/16/20,8.79,8.93,8.79,398,2266168,20134299.36,8.81,16/06/2020,8.79,8.81,0.02,0,EMIRATESNBD,Banks,Emirates NBD PJSC,DFM,UAE,0,0
6/15/20,8.95,8.95,8.65,224,2652575,23195726.81,8.79,15/06/2020,8.89,8.79,-0.1,0,EMIRATESNBD,Banks,Emirates NBD PJSC,DFM,UAE,0,0
6/14/20,8.85,8.9,8.81,91,561534,4964504.07,8.89,14/06/2020,9,8.89,-0.11,0,EMIRATESNBD,Banks,Emirates NBD PJSC,DFM,UAE,0,0
11/6/20,9.1,9.12,8.96,133,938468,8452225.28,9,11/6/20,9.15,9,-0.15,0,EMIRATESNBD,Banks,Emirates NBD PJSC,DFM,UAE,0,0
10/6/20,9.35,9.35,9.12,223,1855002,17037845.19,9.15,10/6/20,9.35,9.15,-0.2,0,EMIRATESNBD,Banks,Emirates NBD PJSC,DFM,UAE,0,0
9/6/20,9.47,9.47,9.25,121,1692558,15784680.61,9.35,9/6/20,9.4,9.35,-0.05,0,EMIRATESNBD,Banks,Emirates NBD PJSC,DFM,UAE,0,0
8/6/20,9.45,9.6,9.21,393,4289227,40197153.47,9.4,8/6/20,9.33,9.4,0.07,0,EMIRATESNBD,Banks,Emirates NBD PJSC,DFM,UAE,0,0
7/6/20,9,9.36,9,404,5555491,50580921.78,9.33,7/6/20,8.98,9.33,0.35,0,EMIRATESNBD,Banks,Emirates NBD PJSC,DFM,UAE,0,0
4/6/20,8.78,8.98,8.75,561,5126280,45426239.27,8.98,4/6/20,8.85,8.98,0.13,0,EMIRATESNBD,Banks,Emirates NBD PJSC,DFM,UAE,0,0
3/6/20,8.8,8.85,8.63,336,3130958,27524432.28,8.85,3/6/20,8.8,8.85,0.05,0,EMIRATESNBD,Banks,Emirates NBD PJSC,DFM,UAE,0,0
2/6/20,8.81,8.81,8.69,97,923063,8112010.74,8.8,2/6/20,8.8,8.8,0,0,EMIRATESNBD,Banks,Emirates NBD PJSC,DFM,UAE,0,0
1/6/20,8.59,8.8,8.59,760,8208910,71510098.44,8.8,1/6/20,8.56,8.8,0.24,0,EMIRATESNBD,Banks,Emirates NBD PJSC,DFM,UAE,0,0
5/31/20,8.82,8.82,8.4,261,1580436,13629540.67,8.56,31/05/2020,8.64,8.56,-0.08,0,EMIRATESNBD,Banks,Emirates NBD PJSC,DFM,UAE,0,0
5/28/20,8.93,8.93,8.49,2035,101731408,879536635.5,8.64,28/05/2020,8.93,8.64,-0.29,0,EMIRATESNBD,Banks,Emirates NBD PJSC,DFM,UAE,0,0
5/27/20,9,9.01,8.8,1076,9434708,83842422.42,8.93,27/05/2020,9,8.93,-0.07,0,EMIRATESNBD,Banks,Emirates NBD PJSC,DFM,UAE,0,0
5/21/20,8.9,9.02,8.85,837,6970882,62436059.98,9,21/05/2020,8.95,9,0.05,0,EMIRATESNBD,Banks,Emirates NBD PJSC,DFM,UAE,0,0
5/20/20,8.91,8.96,8.89,714,5416787,48334872.05,8.95,20/05/2020,8.91,8.95,0.04,0,EMIRATESNBD,Banks,Emirates NBD PJSC,DFM,UAE,0,0
5/19/20,8.8,8.93,8.8,752,7662590,67977472.71,8.91,19/05/2020,8.77,8.91,0.14,0,EMIRATESNBD,Banks,Emirates NBD PJSC,DFM,UAE,0,0
5/18/20,8.5,8.8,8.5,484,4854076,42245928.18,8.77,18/05/2020,8.5,8.77,0.27,0,EMIRATESNBD,Banks,Emirates NBD PJSC,DFM,UAE,0,0
5/17/20,8.55,8.55,8.46,270,2090436,17785248.17,8.5,17/05/2020,8.5,8.5,0,0,EMIRATESNBD,Banks,Emirates NBD PJSC,DFM,UAE,0,0
5/14/20,8.61,8.84,8.5,771,5470393,47137015.35,8.5,14/05/2020,8.8,8.5,-0.3,0,EMIRATESNBD,Banks,Emirates NBD PJSC,DFM,UAE,0,0
5/13/20,8.8,8.85,8.5,1879,14400474,126130420.2,8.8,13/05/2020,8.45,8.8,0.35,0,EMIRATESNBD,Banks,Emirates NBD PJSC,DFM,UAE,0,0
12/5/20,8.35,8.65,8.35,419,2826796,24085873.93,8.45,12/5/20,8.49,8.45,-0.04,0,EMIRATESNBD,Banks,Emirates NBD PJSC,DFM,UAE,0,0
11/5/20,8.57,8.57,8.3,628,3635747,30825238.42,8.49,11/5/20,8.57,8.49,-0.08,0,EMIRATESNBD,Banks,Emirates NBD PJSC,DFM,UAE,0,0
10/5/20,8.68,8.8,8.23,538,3465448,29568474.39,8.57,10/5/20,8.66,8.57,-0.09,0,EMIRATESNBD,Banks,Emirates NBD PJSC,DFM,UAE,0,0
7/5/20,8.38,8.67,8.38,569,3681544,31609304.56,8.66,7/5/20,8.44,8.66,0.22,0,EMIRATESNBD,Banks,Emirates NBD PJSC,DFM,UAE,0,0
6/5/20,8.27,8.59,8.2,598,5320101,44724659.66,8.44,6/5/20,8.29,8.44,0.15,0,EMIRATESNBD,Banks,Emirates NBD PJSC,DFM,UAE,0,0
5/5/20,8.4,8.4,8.25,400,4406502,36517128.72,8.29,5/5/20,8.2,8.29,0.09,0,EMIRATESNBD,Banks,Emirates NBD PJSC,DFM,UAE,0,0
4/5/20,8.1,8.3,7.92,324,4841744,39635007.58,8.2,4/5/20,8.25,8.2,-0.05,0,EMIRATESNBD,Banks,Emirates NBD PJSC,DFM,UAE,0,0
3/5/20,8.4,8.49,8.2,187,1308966,10827781.48,8.25,3/5/20,8.6,8.25,-0.35,0,EMIRATESNBD,Banks,Emirates NBD PJSC,DFM,UAE,0,0
4/30/20,8.3,8.61,8.25,416,2827632,23826335.79,8.6,30/04/2020,8.2,8.6,0.4,0,EMIRATESNBD,Banks,Emirates NBD PJSC,DFM,UAE,0,0
4/29/20,8.32,8.33,8.15,345,2186455,17915233.41,8.2,29/04/2020,8.17,8.2,0.03,0,EMIRATESNBD,Banks,Emirates NBD PJSC,DFM,UAE,0,0
4/28/20,8.3,8.3,8.17,676,3621663,29719449.7,8.17,28/04/2020,8.25,8.17,-0.08,0,EMIRATESNBD,Banks,Emirates NBD PJSC,DFM,UAE,0,0
4/27/20,8.35,8.35,8.17,368,2334325,19281467.84,8.25,27/04/2020,8.24,8.25,0.01,0,EMIRATESNBD,Banks,Emirates NBD PJSC,DFM,UAE,0,0
4/26/20,8.3,8.3,8.18,280,1986086,16310224.81,8.24,26/04/2020,8.1,8.24,0.14,0,EMIRATESNBD,Banks,Emirates NBD PJSC,DFM,UAE,0,0
4/23/20,8.2,8.25,8,304,1804025,14628204.27,8.1,23/04/2020,8.02,8.1,0.08,0,EMIRATESNBD,Banks,Emirates NBD PJSC,DFM,UAE,0,0
4/22/20,7.88,8.02,7.8,374,1995052,15836160.05,8.02,22/04/2020,7.9,8.02,0.12,0,EMIRATESNBD,Banks,Emirates NBD PJSC,DFM,UAE,0,0
4/21/20,8.1,8.23,7.89,274,2042727,16232451.11,7.9,21/04/2020,8.3,7.9,-0.4,0,EMIRATESNBD,Banks,Emirates NBD PJSC,DFM,UAE,0,0
4/20/20,8.39,8.39,8.08,156,3755334,30710335.31,8.3,20/04/2020,8.35,8.3,-0.05,0,EMIRATESNBD,Banks,Emirates NBD PJSC,DFM,UAE,0,0
4/19/20,8.33,8.53,8.15,169,1403715,11715574.05,8.35,19/04/2020,8.05,8.35,0.3,0,EMIRATESNBD,Banks,Emirates NBD PJSC,DFM,UAE,0,0
4/16/20,8.37,8.37,7.98,261,1984545,15987096.23,8.05,16/04/2020,8.39,8.05,-0.34,0,EMIRATESNBD,Banks,Emirates NBD PJSC,DFM,UAE,0,0
4/15/20,8.8,8.8,8.37,345,2917618,24936037.17,8.39,15/04/2020,8.8,8.39,-0.41,0,EMIRATESNBD,Banks,Emirates NBD PJSC,DFM,UAE,0,0
4/14/20,8.35,8.93,8.35,493,3772013,33263424.31,8.8,14/04/2020,8.5,8.8,0.3,0,EMIRATESNBD,Banks,Emirates NBD PJSC,DFM,UAE,0,0
4/13/20,8.9,8.95,8.47,570,4799210,42118263.03,8.5,13/04/2020,8.8,8.5,-0.3,0,EMIRATESNBD,Banks,Emirates NBD PJSC,DFM,UAE,0,0
12/4/20,8.55,9.02,8.55,268,4450734,39406131.05,8.8,12/4/20,8.4,8.8,0.4,0,EMIRATESNBD,Banks,Emirates NBD PJSC,DFM,UAE,0,0
9/4/20,8,8.43,7.95,286,4678790,38389985.09,8.4,9/4/20,7.8,8.4,0.6,0,EMIRATESNBD,Banks,Emirates NBD PJSC,DFM,UAE,0,0
8/4/20,7.6,8,7.6,311,2661946,20808785.5,7.8,8/4/20,7.53,7.8,0.27,0,EMIRATESNBD,Banks,Emirates NBD PJSC,DFM,UAE,0,0
7/4/20,6.72,7.54,6.72,332,2149624,15666751.41,7.53,7/4/20,6.56,7.53,0.97,0,EMIRATESNBD,Banks,Emirates NBD PJSC,DFM,UAE,0,0
6/4/20,6.33,6.8,6.33,337,4069276,26726674.94,6.56,6/4/20,6.56,6.56,0,0,EMIRATESNBD,Banks,Emirates NBD PJSC,DFM,UAE,0,0
5/4/20,6.81,6.81,6.56,77,1892609,12441970.71,6.56,5/4/20,6.9,6.56,-0.34,0,EMIRATESNBD,Banks,Emirates NBD PJSC,DFM,UAE,0,0
2/4/20,6.85,6.91,6.8,321,3080956,21130881.84,6.9,2/4/20,6.9,6.9,0,0,EMIRATESNBD,Banks,Emirates NBD PJSC,DFM,UAE,0,0
1/4/20,7.23,7.23,6.87,245,4030324,27925084.99,6.9,1/4/20,7.23,6.9,-0.33,0,EMIRATESNBD,Banks,Emirates NBD PJSC,DFM,UAE,0,0
3/31/20,7.25,7.46,7.2,299,2393499,17594774.07,7.23,31/03/2020,7.23,7.23,0,0,EMIRATESNBD,Banks,Emirates NBD PJSC,DFM,UAE,0,0
3/30/20,7.32,7.38,7.15,155,699492,5059237.29,7.23,30/03/2020,7.4,7.23,-0.17,0,EMIRATESNBD,Banks,Emirates NBD PJSC,DFM,UAE,0,0
3/29/20,7.2,7.4,7.1,42,310867,2281111.24,7.4,29/03/2020,7.4,7.4,0,0,EMIRATESNBD,Banks,Emirates NBD PJSC,DFM,UAE,0,0
3/26/20,7.2,7.4,7.19,142,807893,5869283.4,7.4,26/03/2020,7.38,7.4,0.02,0,EMIRATESNBD,Banks,Emirates NBD PJSC,DFM,UAE,0,0
3/25/20,7.19,7.5,7.1,483,7253537,52861282.26,7.38,25/03/2020,6.82,7.38,0.56,0,EMIRATESNBD,Banks,Emirates NBD PJSC,DFM,UAE,0,0
3/24/20,6.9,6.9,6.6,367,3711160,25341937.23,6.82,24/03/2020,6.71,6.82,0.11,0,EMIRATESNBD,Banks,Emirates NBD PJSC,DFM,UAE,0,0
3/23/20,6.99,6.99,6.71,97,2011624,13503205.84,6.71,23/03/2020,7.06,6.71,-0.35,0,EMIRATESNBD,Banks,Emirates NBD PJSC,DFM,UAE,0,0
3/22/20,7.3,7.3,7.01,189,1847456,13050828.41,7.06,22/03/2020,7.37,7.06,-0.31,0,EMIRATESNBD,Banks,Emirates NBD PJSC,DFM,UAE,0,0
3/19/20,6.97,7.37,6.97,269,6439722,45260114.7,7.37,19/03/2020,7.33,7.37,0.04,0,EMIRATESNBD,Banks,Emirates NBD PJSC,DFM,UAE,0,0
3/18/20,7.4,7.6,7.11,542,7449512,54592609.26,7.33,18/03/2020,7.18,7.33,0.15,0,EMIRATESNBD,Banks,Emirates NBD PJSC,DFM,UAE,0,0
3/17/20,7.25,7.69,6.89,512,6390771,45634689,7.18,17/03/2020,7.59,7.18,-0.41,0,EMIRATESNBD,Banks,Emirates NBD PJSC,DFM,UAE,0,0
3/16/20,7.12,7.81,7.12,549,8496593,63739225.78,7.59,16/03/2020,7.86,7.59,-0.27,0,EMIRATESNBD,Banks,Emirates NBD PJSC,DFM,UAE,0,0
3/15/20,8.89,8.9,7.86,442,7447387,59444939.92,7.86,15/03/2020,8.73,7.86,-0.87,0,EMIRATESNBD,Banks,Emirates NBD PJSC,DFM,UAE,0,0
12/3/20,8.73,8.93,8.73,251,5289061,46276878.09,8.73,12/3/20,9.7,8.73,-0.97,0,EMIRATESNBD,Banks,Emirates NBD PJSC,DFM,UAE,0,0
11/3/20,10.35,10.5,9.6,360,5430590,53380374.89,9.7,11/3/20,9.62,9.7,0.08,0,EMIRATESNBD,Banks,Emirates NBD PJSC,DFM,UAE,0,0
10/3/20,8.47,9.74,8.47,938,12519823,116526198.2,9.62,10/3/20,9.32,9.62,0.3,0,EMIRATESNBD,Banks,Emirates NBD PJSC,DFM,UAE,0,0
9/3/20,9.32,9.32,9.32,23,2904381,27068830.92,9.32,9/3/20,10.35,9.32,-1.03,0,EMIRATESNBD,Banks,Emirates NBD PJSC,DFM,UAE,0,0
8/3/20,11.1,11.1,10.35,228,2886699,30152228.35,10.35,8/3/20,11.45,10.35,-1.1,0,EMIRATESNBD,Banks,Emirates NBD PJSC,DFM,UAE,0,0
5/3/20,11.65,11.65,11.3,161,1424519,16241719.05,11.45,5/3/20,11.8,11.45,-0.35,0,EMIRATESNBD,Banks,Emirates NBD PJSC,DFM,UAE,0,0
4/3/20,12.05,12.05,11.5,201,2034251,23768739.8,11.8,4/3/20,12.1,11.8,-0.3,0,EMIRATESNBD,Banks,Emirates NBD PJSC,DFM,UAE,0,0
3/3/20,12.05,12.25,11.95,110,1878139,22745233.25,12.1,3/3/20,12,12.1,0.1,0,EMIRATESNBD,Banks,Emirates NBD PJSC,DFM,UAE,0,0
2/3/20,11.9,12.15,11.75,317,3474526,41567577.2,12,2/3/20,11.7,12,0.3,0,EMIRATESNBD,Banks,Emirates NBD PJSC,DFM,UAE,0,0
1/3/20,11.95,11.95,11.3,278,6341135,73307618.45,11.7,1/3/20,12.55,11.7,-0.85,0,EMIRATESNBD,Banks,Emirates NBD PJSC,DFM,UAE,0,0
2/27/20,12.8,12.9,12.4,218,2599900,32885120.25,12.55,27/02/2020,12.8,12.55,-0.25,0,EMIRATESNBD,Banks,Emirates NBD PJSC,DFM,UAE,0,0
2/26/20,13,13,12.8,138,5568766,71406506.6,12.8,26/02/2020,13.05,12.8,-0.25,0,EMIRATESNBD,Banks,Emirates NBD PJSC,DFM,UAE,0,0
2/25/20,13,13.1,12.95,263,4996541,65095904.3,13.05,25/02/2020,12.9,13.05,0.15,0,EMIRATESNBD,Banks,Emirates NBD PJSC,DFM,UAE,0,0
8/20/20,5.1,5.14,5.1,32,340832,1738531.26,5.1,20/08/2020,5.1,5.1,0,0,DU,Telecommunications,Emirates Integrated Telecommunications Company PJSC,DFM,UAE,0,0
8/19/20,5.11,5.11,5.1,41,1323356,6750998.83,5.1,19/08/2020,5.13,5.1,-0.03,0,DU,Telecommunications,Emirates Integrated Telecommunications Company PJSC,DFM,UAE,0,0
8/18/20,5.14,5.15,5.13,10,80412,412756.18,5.13,18/08/2020,5.15,5.13,-0.02,0,DU,Telecommunications,Emirates Integrated Telecommunications Company PJSC,DFM,UAE,0,0
8/17/20,5.12,5.15,5.12,7,10902,56001.96,5.15,17/08/2020,5.16,5.15,-0.01,0,DU,Telecommunications,Emirates Integrated Telecommunications Company PJSC,DFM,UAE,0,0
8/16/20,5.16,5.16,5.16,2,189354,977066.64,5.16,16/08/2020,5.14,5.16,0.02,0,DU,Telecommunications,Emirates Integrated Telecommunications Company PJSC,DFM,UAE,0,0
8/13/20,5.11,5.15,5.11,16,310110,1592261.75,5.14,13/08/2020,5.11,5.14,0.03,0,DU,Telecommunications,Emirates Integrated Telecommunications Company PJSC,DFM,UAE,0,0
12/8/20,5.1,5.11,5.1,4,16204,82646.82,5.11,12/8/20,5.09,5.11,0.02,0,DU,Telecommunications,Emirates Integrated Telecommunications Company PJSC,DFM,UAE,0,0
11/8/20,5.09,5.1,5.09,17,429410,2186988.88,5.09,11/8/20,5.08,5.09,0.01,0,DU,Telecommunications,Emirates Integrated Telecommunications Company PJSC,DFM,UAE,0,0
10/8/20,5.09,5.1,5.08,10,674552,3440042.69,5.08,10/8/20,5.08,5.08,0,0,DU,Telecommunications,Emirates Integrated Telecommunications Company PJSC,DFM,UAE,0,0
9/8/20,5.12,5.12,5.08,8,39472,201297.76,5.08,9/8/20,5.1,5.08,-0.02,0,DU,Telecommunications,Emirates Integrated Telecommunications Company PJSC,DFM,UAE,0,0
6/8/20,5.1,5.1,5.05,18,260136,1323667.44,5.1,6/8/20,5.1,5.1,0,0,DU,Telecommunications,Emirates Integrated Telecommunications Company PJSC,DFM,UAE,0,0
5/8/20,5.08,5.1,5.08,6,43801,223228.18,5.1,5/8/20,5.08,5.1,0.02,0,DU,Telecommunications,Emirates Integrated Telecommunications Company PJSC,DFM,UAE,0,0
4/8/20,5.1,5.1,5.08,12,293608,1495985.2,5.08,4/8/20,5.08,5.08,0,0,DU,Telecommunications,Emirates Integrated Telecommunications Company PJSC,DFM,UAE,0,0
3/8/20,5.08,5.08,5.05,20,106675,540398.8,5.08,3/8/20,5.08,5.08,0,0,DU,Telecommunications,Emirates Integrated Telecommunications Company PJSC,DFM,UAE,0,0
7/29/20,5.08,5.08,5,17,84696,427352.59,5.08,29/07/2020,5.15,5.08,-0.07,0,DU,Telecommunications,Emirates Integrated Telecommunications Company PJSC,DFM,UAE,0,0
7/28/20,5.18,5.21,5.15,63,906041,4695620.57,5.15,28/07/2020,5.15,5.15,0,0,DU,Telecommunications,Emirates Integrated Telecommunications Company PJSC,DFM,UAE,0,0
7/27/20,5.13,5.18,5.13,40,829245,4270556.79,5.15,27/07/2020,5.18,5.15,-0.03,0,DU,Telecommunications,Emirates Integrated Telecommunications Company PJSC,DFM,UAE,0,0
7/26/20,5.19,5.19,5.13,23,125379,647273.44,5.18,26/07/2020,5.13,5.18,0.05,0,DU,Telecommunications,Emirates Integrated Telecommunications Company PJSC,DFM,UAE,0,0
7/23/20,5.11,5.2,5.11,13,63349,324337.65,5.13,23/07/2020,5.13,5.13,0,0,DU,Telecommunications,Emirates Integrated Telecommunications Company PJSC,DFM,UAE,0,0
7/22/20,5.2,5.2,5.13,56,611255,3151107.1,5.13,22/07/2020,5.17,5.13,-0.04,0,DU,Telecommunications,Emirates Integrated Telecommunications Company PJSC,DFM,UAE,0,0
7/21/20,5.21,5.22,5.17,10,113815,593236.2,5.17,21/07/2020,5.22,5.17,-0.05,0,DU,Telecommunications,Emirates Integrated Telecommunications Company PJSC,DFM,UAE,0,0
7/20/20,5.2,5.23,5.13,29,159561,829253.4,5.22,20/07/2020,5.19,5.22,0.03,0,DU,Telecommunications,Emirates Integrated Telecommunications Company PJSC,DFM,UAE,0,0
7/19/20,5.11,5.2,5.11,29,142825,742489.42,5.19,19/07/2020,5.15,5.19,0.04,0,DU,Telecommunications,Emirates Integrated Telecommunications Company PJSC,DFM,UAE,0,0
7/16/20,5.11,5.15,5.11,3,12193,62771.47,5.15,16/07/2020,5.14,5.15,0.01,0,DU,Telecommunications,Emirates Integrated Telecommunications Company PJSC,DFM,UAE,0,0
7/15/20,5.12,5.14,5.12,4,18061,92648.74,5.14,15/07/2020,5.11,5.14,0.03,0,DU,Telecommunications,Emirates Integrated Telecommunications Company PJSC,DFM,UAE,0,0
7/14/20,5.1,5.14,5.1,20,360068,1839964.33,5.11,14/07/2020,5.15,5.11,-0.04,0,DU,Telecommunications,Emirates Integrated Telecommunications Company PJSC,DFM,UAE,0,0
7/13/20,5.2,5.2,5.15,16,148575,766261.25,5.15,13/07/2020,5.15,5.15,0,0,DU,Telecommunications,Emirates Integrated Telecommunications Company PJSC,DFM,UAE,0,0
12/7/20,5.2,5.2,5.15,13,177830,919651.5,5.15,12/7/20,5.22,5.15,-0.07,0,DU,Telecommunications,Emirates Integrated Telecommunications Company PJSC,DFM,UAE,0,0
9/7/20,5.2,5.3,5.2,48,778254,4086946.84,5.22,9/7/20,5.2,5.22,0.02,0,DU,Telecommunications,Emirates Integrated Telecommunications Company PJSC,DFM,UAE,0,0
8/7/20,5.24,5.28,5.2,30,781779,4103392.56,5.2,8/7/20,5.2,5.2,0,0,DU,Telecommunications,Emirates Integrated Telecommunications Company PJSC,DFM,UAE,0,0
7/7/20,5.13,5.21,5.13,34,332503,1721881.27,5.2,7/7/20,5.12,5.2,0.08,0,DU,Telecommunications,Emirates Integrated Telecommunications Company PJSC,DFM,UAE,0,0
6/7/20,5.04,5.12,5.04,21,751009,3829615.99,5.12,6/7/20,5.06,5.12,0.06,0,DU,Telecommunications,Emirates Integrated Telecommunications Company PJSC,DFM,UAE,0,0
5/7/20,5.07,5.07,5.03,11,92135,465606.51,5.06,5/7/20,5.1,5.06,-0.04,0,DU,Telecommunications,Emirates Integrated Telecommunications Company PJSC,DFM,UAE,0,0
2/7/20,5.07,5.1,5.07,13,190407,966024.8,5.1,2/7/20,5.1,5.1,0,0,DU,Telecommunications,Emirates Integrated Telecommunications Company PJSC,DFM,UAE,0,0
1/7/20,5.09,5.1,5.08,43,854114,4348607.53,5.1,1/7/20,5.1,5.1,0,0,DU,Telecommunications,Emirates Integrated Telecommunications Company PJSC,DFM,UAE,0,0
6/30/20,5.1,5.1,5.04,9,61766,314470.11,5.1,30/06/2020,5.08,5.1,0.02,0,DU,Telecommunications,Emirates Integrated Telecommunications Company PJSC,DFM,UAE,0,0
6/29/20,5.13,5.13,5.08,34,1674346,8535311.84,5.08,29/06/2020,5.06,5.08,0.02,0,DU,Telecommunications,Emirates Integrated Telecommunications Company PJSC,DFM,UAE,0,0
6/28/20,5.04,5.12,5.04,15,452717,2291266.08,5.06,28/06/2020,5.02,5.06,0.04,0,DU,Telecommunications,Emirates Integrated Telecommunications Company PJSC,DFM,UAE,0,0
6/25/20,5.1,5.1,5.02,21,345836,1743741.16,5.02,25/06/2020,5.1,5.02,-0.08,0,DU,Telecommunications,Emirates Integrated Telecommunications Company PJSC,DFM,UAE,0,0
6/24/20,5.14,5.14,5.03,35,592817,3027172.28,5.1,24/06/2020,5.12,5.1,-0.02,0,DU,Telecommunications,Emirates Integrated Telecommunications Company PJSC,DFM,UAE,0,0
6/23/20,5.02,5.12,5.01,30,757856,3818214.7,5.12,23/06/2020,5.01,5.12,0.11,0,DU,Telecommunications,Emirates Integrated Telecommunications Company PJSC,DFM,UAE,0,0
6/22/20,5.02,5.05,5.01,61,1680030,8421840.3,5.01,22/06/2020,5.05,5.01,-0.04,0,DU,Telecommunications,Emirates Integrated Telecommunications Company PJSC,DFM,UAE,0,0
6/21/20,5,5.08,5,11,89534,452560.72,5.05,21/06/2020,5.01,5.05,0.04,0,DU,Telecommunications,Emirates Integrated Telecommunications Company PJSC,DFM,UAE,0,0
6/18/20,5.01,5.04,5,42,1033838,5186308.18,5.01,18/06/2020,5.01,5.01,0,0,DU,Telecommunications,Emirates Integrated Telecommunications Company PJSC,DFM,UAE,0,0
6/17/20,5.05,5.06,5.01,49,1224537,6156595.69,5.01,17/06/2020,5.05,5.01,-0.04,0,DU,Telecommunications,Emirates Integrated Telecommunications Company PJSC,DFM,UAE,0,0
6/16/20,5.09,5.09,5.05,26,388500,1965041,5.05,16/06/2020,5.05,5.05,0,0,DU,Telecommunications,Emirates Integrated Telecommunications Company PJSC,DFM,UAE,0,0
6/15/20,5.1,5.1,5.04,31,497113,2514052.74,5.05,15/06/2020,5.1,5.05,-0.05,0,DU,Telecommunications,Emirates Integrated Telecommunications Company PJSC,DFM,UAE,0,0
6/14/20,5.08,5.12,5.08,11,86372,440214.72,5.1,14/06/2020,5.1,5.1,0,0,DU,Telecommunications,Emirates Integrated Telecommunications Company PJSC,DFM,UAE,0,0
11/6/20,5.1,5.2,5.1,27,278871,1424143.13,5.1,11/6/20,5.11,5.1,-0.01,0,DU,Telecommunications,Emirates Integrated Telecommunications Company PJSC,DFM,UAE,0,0
10/6/20,5.18,5.18,5.1,22,312686,1597849.18,5.11,10/6/20,5.1,5.11,0.01,0,DU,Telecommunications,Emirates Integrated Telecommunications Company PJSC,DFM,UAE,0,0
9/6/20,5.11,5.18,5.09,34,474160,2419753,5.1,9/6/20,5.1,5.1,0,0,DU,Telecommunications,Emirates Integrated Telecommunications Company PJSC,DFM,UAE,0,0
8/6/20,5.24,5.24,5.1,88,1776420,9148355.5,5.1,8/6/20,5.24,5.1,-0.14,0,DU,Telecommunications,Emirates Integrated Telecommunications Company PJSC,DFM,UAE,0,0
7/6/20,5.15,5.24,5.13,76,2151166,11142141.06,5.24,7/6/20,5.12,5.24,0.12,0,DU,Telecommunications,Emirates Integrated Telecommunications Company PJSC,DFM,UAE,0,0
4/6/20,5.12,5.14,5.11,21,507927,2602338.47,5.12,4/6/20,5.1,5.12,0.02,0,DU,Telecommunications,Emirates Integrated Telecommunications Company PJSC,DFM,UAE,0,0
3/6/20,5.08,5.13,5.08,37,378726,1933770.54,5.1,3/6/20,5.12,5.1,-0.02,0,DU,Telecommunications,Emirates Integrated Telecommunications Company PJSC,DFM,UAE,0,0
2/6/20,5.14,5.16,5.12,18,949904,4891053.76,5.12,2/6/20,5.1,5.12,0.02,0,DU,Telecommunications,Emirates Integrated Telecommunications Company PJSC,DFM,UAE,0,0
1/6/20,5.08,5.12,5.08,34,2277675,11612131.26,5.1,1/6/20,5.09,5.1,0.01,0,DU,Telecommunications,Emirates Integrated Telecommunications Company PJSC,DFM,UAE,0,0
5/31/20,5.14,5.14,5.07,26,612862,3119853.04,5.09,31/05/2020,5.15,5.09,-0.06,0,DU,Telecommunications,Emirates Integrated Telecommunications Company PJSC,DFM,UAE,0,0
5/28/20,5.09,5.15,5.07,15,171927,881714.05,5.15,28/05/2020,5.2,5.15,-0.05,0,DU,Telecommunications,Emirates Integrated Telecommunications Company PJSC,DFM,UAE,0,0
5/27/20,5.2,5.2,5.08,37,752835,3903053.05,5.2,27/05/2020,5.1,5.2,0.1,0,DU,Telecommunications,Emirates Integrated Telecommunications Company PJSC,DFM,UAE,0,0
5/21/20,5.07,5.12,5.07,38,316130,1610774.88,5.1,21/05/2020,5.1,5.1,0,0,DU,Telecommunications,Emirates Integrated Telecommunications Company PJSC,DFM,UAE,0,0
5/20/20,5.1,5.1,5.1,42,1748530,8917503,5.1,20/05/2020,5.1,5.1,0,0,DU,Telecommunications,Emirates Integrated Telecommunications Company PJSC,DFM,UAE,0,0
5/19/20,5.06,5.12,5.06,11,657294,3353513.9,5.1,19/05/2020,5.1,5.1,0,0,DU,Telecommunications,Emirates Integrated Telecommunications Company PJSC,DFM,UAE,0,0
5/18/20,5.1,5.1,5.07,30,594076,3029727.6,5.1,18/05/2020,5.1,5.1,0,0,DU,Telecommunications,Emirates Integrated Telecommunications Company PJSC,DFM,UAE,0,0
5/17/20,5.1,5.1,5.1,31,1275119,6503106.9,5.1,17/05/2020,5.1,5.1,0,0,DU,Telecommunications,Emirates Integrated Telecommunications Company PJSC,DFM,UAE,0,0
5/14/20,5.02,5.1,5,53,2224133,11211228.91,5.1,14/05/2020,5.13,5.1,-0.03,0,DU,Telecommunications,Emirates Integrated Telecommunications Company PJSC,DFM,UAE,0,0
5/13/20,5.13,5.13,5.13,4,30708,157532.04,5.13,13/05/2020,5.13,5.13,0,0,DU,Telecommunications,Emirates Integrated Telecommunications Company PJSC,DFM,UAE,0,0
12/5/20,5.14,5.15,5.02,34,565992,2894648.22,5.13,12/5/20,5.15,5.13,-0.02,0,DU,Telecommunications,Emirates Integrated Telecommunications Company PJSC,DFM,UAE,0,0
11/5/20,5.14,5.15,5.14,51,826089,4253821.44,5.15,11/5/20,5,5.15,0.15,0,DU,Telecommunications,Emirates Integrated Telecommunications Company PJSC,DFM,UAE,0,0
10/5/20,5.2,5.2,4.97,42,344726,1724921.32,5,10/5/20,5.1,5,-0.1,0,DU,Telecommunications,Emirates Integrated Telecommunications Company PJSC,DFM,UAE,0,0
7/5/20,5.18,5.19,5.08,39,412922,2115163.24,5.1,7/5/20,5.18,5.1,-0.08,0,DU,Telecommunications,Emirates Integrated Telecommunications Company PJSC,DFM,UAE,0,0
6/5/20,5.2,5.25,5.1,26,1164530,6033178.61,5.18,6/5/20,5.2,5.18,-0.02,0,DU,Telecommunications,Emirates Integrated Telecommunications Company PJSC,DFM,UAE,0,0
5/5/20,5.25,5.25,5.2,8,96787,507785.71,5.2,5/5/20,5.25,5.2,-0.05,0,DU,Telecommunications,Emirates Integrated Telecommunications Company PJSC,DFM,UAE,0,0
4/5/20,5.16,5.3,5.16,11,1905562,9962794.82,5.25,4/5/20,5.25,5.25,0,0,DU,Telecommunications,Emirates Integrated Telecommunications Company PJSC,DFM,UAE,0,0
3/5/20,5.26,5.26,5.21,26,178864,936455.88,5.25,3/5/20,5.29,5.25,-0.04,0,DU,Telecommunications,Emirates Integrated Telecommunications Company PJSC,DFM,UAE,0,0
4/30/20,5.26,5.31,5.26,46,725222,3844647.91,5.29,30/04/2020,5.26,5.29,0.03,0,DU,Telecommunications,Emirates Integrated Telecommunications Company PJSC,DFM,UAE,0,0
4/29/20,5.35,5.35,5.11,40,1482958,7887520.75,5.26,29/04/2020,5.35,5.26,-0.09,0,DU,Telecommunications,Emirates Integrated Telecommunications Company PJSC,DFM,UAE,0,0
4/28/20,5.35,5.4,5.35,25,208400,1120990,5.35,28/04/2020,5.35,5.35,0,0,DU,Telecommunications,Emirates Integrated Telecommunications Company PJSC,DFM,UAE,0,0
4/27/20,5.35,5.42,5.35,43,446081,2387606.85,5.35,27/04/2020,5.35,5.35,0,0,DU,Telecommunications,Emirates Integrated Telecommunications Company PJSC,DFM,UAE,0,0
4/26/20,5.39,5.39,5.3,112,1305954,6936879.54,5.35,26/04/2020,5.43,5.35,-0.08,0,DU,Telecommunications,Emirates Integrated Telecommunications Company PJSC,DFM,UAE,0,0
4/23/20,5.44,5.48,5.4,50,285208,1552337.59,5.43,23/04/2020,5.61,5.43,-0.18,0,DU,Telecommunications,Emirates Integrated Telecommunications Company PJSC,DFM,UAE,0,0
4/22/20,5.51,5.63,5.35,79,1644777,8830691.54,5.61,22/04/2020,5.51,5.61,0.1,0,DU,Telecommunications,Emirates Integrated Telecommunications Company PJSC,DFM,UAE,0,0
4/21/20,5.5,5.65,5.46,13,78265,433319.85,5.51,21/04/2020,5.6,5.51,-0.09,0,DU,Telecommunications,Emirates Integrated Telecommunications Company PJSC,DFM,UAE,0,0
4/20/20,5.79,5.79,5.6,39,282558,1600814.84,5.6,20/04/2020,5.75,5.6,-0.15,0,DU,Telecommunications,Emirates Integrated Telecommunications Company PJSC,DFM,UAE,0,0
4/19/20,5.65,5.75,5.64,47,354802,2011112.62,5.75,19/04/2020,5.51,5.75,0.24,0,DU,Telecommunications,Emirates Integrated Telecommunications Company PJSC,DFM,UAE,0,0
4/16/20,5.76,5.76,5.51,107,1852408,10213580.12,5.51,16/04/2020,5.8,5.51,-0.29,0,DU,Telecommunications,Emirates Integrated Telecommunications Company PJSC,DFM,UAE,0,0
4/15/20,5.9,5.9,5.76,57,542727,3159659.66,5.8,15/04/2020,5.85,5.8,-0.05,0,DU,Telecommunications,Emirates Integrated Telecommunications Company PJSC,DFM,UAE,0,0
4/14/20,5.8,5.9,5.75,98,1532780,8913657.8,5.85,14/04/2020,5.72,5.85,0.13,0,DU,Telecommunications,Emirates Integrated Telecommunications Company PJSC,DFM,UAE,0,0
4/13/20,5.5,5.72,5.5,69,612852,3450744.06,5.72,13/04/2020,5.52,5.72,0.2,0,DU,Telecommunications,Emirates Integrated Telecommunications Company PJSC,DFM,UAE,0,0
12/4/20,5.35,5.59,5.35,30,172945,946687.69,5.52,12/4/20,5.35,5.52,0.17,0,DU,Telecommunications,Emirates Integrated Telecommunications Company PJSC,DFM,UAE,0,0
9/4/20,5.35,5.35,5.29,12,99650,531796.3,5.35,9/4/20,5.32,5.35,0.03,0,DU,Telecommunications,Emirates Integrated Telecommunications Company PJSC,DFM,UAE,0,0
8/4/20,5.29,5.34,5.29,11,25380,134912.7,5.32,8/4/20,5.34,5.32,-0.02,0,DU,Telecommunications,Emirates Integrated Telecommunications Company PJSC,DFM,UAE,0,0
7/4/20,5.25,5.35,5.15,14,86000,449866.1,5.34,7/4/20,5.35,5.34,-0.01,0,DU,Telecommunications,Emirates Integrated Telecommunications Company PJSC,DFM,UAE,0,0
6/4/20,5.33,5.35,5.33,7,129862,694450.46,5.35,6/4/20,5.05,5.35,0.3,0,DU,Telecommunications,Emirates Integrated Telecommunications Company PJSC,DFM,UAE,0,0
5/4/20,5.6,5.6,5.05,18,67000,342216.52,5.05,5/4/20,5.25,5.05,-0.2,0,DU,Telecommunications,Emirates Integrated Telecommunications Company PJSC,DFM,UAE,0,0
2/4/20,5.5,5.5,5.25,10,871100,4668605,5.25,2/4/20,5.5,5.25,-0.25,0,DU,Telecommunications,Emirates Integrated Telecommunications Company PJSC,DFM,UAE,0,0
1/4/20,5.18,5.5,5.1,13,293681,1529801.2,5.5,1/4/20,5.2,5.5,0.3,0,DU,Telecommunications,Emirates Integrated Telecommunications Company PJSC,DFM,UAE,0,0
3/31/20,5.07,5.2,5.07,8,124000,641514.32,5.2,31/03/2020,5.16,5.2,0.04,0,DU,Telecommunications,Emirates Integrated Telecommunications Company PJSC,DFM,UAE,0,0
3/30/20,0,0,0,0,0,0,0,29/03/2020,5.16,5.16,0,0,DU,Telecommunications,Emirates Integrated Telecommunications Company PJSC,DFM,UAE,0,0
3/29/20,5,5.2,5,13,182023,940877.2,5.16,29/03/2020,5.15,5.16,0.01,0,DU,Telecommunications,Emirates Integrated Telecommunications Company PJSC,DFM,UAE,0,0
3/26/20,5,5.25,5,50,1014133,5127984.8,5.15,26/03/2020,5,5.15,0.15,0,DU,Telecommunications,Emirates Integrated Telecommunications Company PJSC,DFM,UAE,0,0
3/25/20,4.85,5.01,4.85,83,1088306,5420497.21,5,25/03/2020,4.81,5,0.19,0,DU,Telecommunications,Emirates Integrated Telecommunications Company PJSC,DFM,UAE,0,0
3/24/20,4.72,4.85,4.72,35,144420,689175.65,4.81,24/03/2020,4.8,4.81,0.01,0,DU,Telecommunications,Emirates Integrated Telecommunications Company PJSC,DFM,UAE,0,0
3/23/20,4.95,4.95,4.72,23,1329721,6406431.32,4.8,23/03/2020,4.95,4.8,-0.15,0,DU,Telecommunications,Emirates Integrated Telecommunications Company PJSC,DFM,UAE,0,0
3/22/20,4.9,4.99,4.9,32,253441,1253773.93,4.95,22/03/2020,5,4.95,-0.05,0,DU,Telecommunications,Emirates Integrated Telecommunications Company PJSC,DFM,UAE,0,0
3/19/20,4.62,5,4.61,53,221091,1083844.06,5,19/03/2020,4.8,5,0.2,0,DU,Telecommunications,Emirates Integrated Telecommunications Company PJSC,DFM,UAE,0,0
3/18/20,4.89,4.95,4.8,64,872438,4249667.86,4.8,18/03/2020,4.5,4.8,0.3,0,DU,Telecommunications,Emirates Integrated Telecommunications Company PJSC,DFM,UAE,0,0
3/17/20,4.51,5,4.33,89,883734,3986493.38,4.5,17/03/2020,4.8,4.5,-0.3,0,DU,Telecommunications,Emirates Integrated Telecommunications Company PJSC,DFM,UAE,0,0
3/16/20,4.9,4.9,4.77,58,852765,4140581.66,4.8,16/03/2020,4.95,4.8,-0.15,0,DU,Telecommunications,Emirates Integrated Telecommunications Company PJSC,DFM,UAE,0,0
3/15/20,4.62,5,4.62,37,453089,2224735,4.95,15/03/2020,5.07,4.95,-0.12,0,DU,Telecommunications,Emirates Integrated Telecommunications Company PJSC,DFM,UAE,0,0
12/3/20,5.2,5.4,5,50,367726,1872183.52,5.07,12/3/20,5.4,5.07,-0.33,0,DU,Telecommunications,Emirates Integrated Telecommunications Company PJSC,DFM,UAE,0,0
11/3/20,5.6,5.6,5.4,23,113362,615697.52,5.4,11/3/20,5.47,5.4,-0.07,0,DU,Telecommunications,Emirates Integrated Telecommunications Company PJSC,DFM,UAE,0,0
10/3/20,5.37,5.56,5.36,152,1253668,6837753.99,5.47,10/3/20,5.25,5.47,0.22,0,DU,Telecommunications,Emirates Integrated Telecommunications Company PJSC,DFM,UAE,0,0
9/3/20,5.2,5.69,5.2,97,1447870,7566142.91,5.25,9/3/20,5.7,5.25,-0.45,0,DU,Telecommunications,Emirates Integrated Telecommunications Company PJSC,DFM,UAE,0,0
8/3/20,6,6,5.62,38,313825,1789131.44,5.7,8/3/20,5.95,5.7,-0.25,0,DU,Telecommunications,Emirates Integrated Telecommunications Company PJSC,DFM,UAE,0,0
5/3/20,6.09,6.12,5.95,15,80918,491383,5.95,5/3/20,6,5.95,-0.05,0,DU,Telecommunications,Emirates Integrated Telecommunications Company PJSC,DFM,UAE,0,0
4/3/20,6,6,6,5,20733,124398,6,4/3/20,6,6,0,0,DU,Telecommunications,Emirates Integrated Telecommunications Company PJSC,DFM,UAE,0,0
3/3/20,6,6.12,6,14,83534,504295,6,3/3/20,6.12,6,-0.12,0,DU,Telecommunications,Emirates Integrated Telecommunications Company PJSC,DFM,UAE,0,0
2/3/20,6.12,6.12,6,14,134500,814289.73,6.12,2/3/20,5.9,6.12,0.22,0,DU,Telecommunications,Emirates Integrated Telecommunications Company PJSC,DFM,UAE,0,0
1/3/20,5.93,5.95,5.63,46,468643,2755682.02,5.9,1/3/20,6.2,5.9,-0.3,0,DU,Telecommunications,Emirates Integrated Telecommunications Company PJSC,DFM,UAE,0,0
2/27/20,6.19,6.2,6.15,30,157848,976473.36,6.2,27/02/2020,6.23,6.2,-0.03,0,DU,Telecommunications,Emirates Integrated Telecommunications Company PJSC,DFM,UAE,0,0
2/26/20,6.23,6.25,6.18,61,494846,3078638.01,6.23,26/02/2020,6.23,6.23,0,0,DU,Telecommunications,Emirates Integrated Telecommunications Company PJSC,DFM,UAE,0,0
2/25/20,6.22,6.24,6.21,53,561853,3498838.57,6.23,25/02/2020,6.23,6.23,0,0,DU,Telecommunications,Emirates Integrated Telecommunications Company PJSC,DFM,UAE,0,0
8/20/20,3.79,3.79,3.69,112,2340495,8703128.87,3.69,20/08/2020,3.79,3.69,-0.1,0,ARMX,Transportation,Aramex PJSC,DFM,UAE,0,0
8/19/20,3.8,3.81,3.78,122,1366100,5184105.71,3.79,19/08/2020,3.8,3.79,-0.01,0,ARMX,Transportation,Aramex PJSC,DFM,UAE,0,0
8/18/20,3.83,3.86,3.74,262,3013563,11408875.53,3.8,18/08/2020,3.82,3.8,-0.02,0,ARMX,Transportation,Aramex PJSC,DFM,UAE,0,0
8/17/20,3.81,3.89,3.8,223,3171721,12197445.52,3.82,17/08/2020,3.8,3.82,0.02,0,ARMX,Transportation,Aramex PJSC,DFM,UAE,0,0
8/16/20,3.76,3.8,3.74,260,4264045,16071512.28,3.8,16/08/2020,3.75,3.8,0.05,0,ARMX,Transportation,Aramex PJSC,DFM,UAE,0,0
8/13/20,3.6,3.8,3.6,452,7701987,28741054.07,3.75,13/08/2020,3.52,3.75,0.23,0,ARMX,Transportation,Aramex PJSC,DFM,UAE,0,0
12/8/20,3.57,3.58,3.5,162,1649514,5830540.58,3.52,12/8/20,3.57,3.52,-0.05,0,ARMX,Transportation,Aramex PJSC,DFM,UAE,0,0
11/8/20,3.53,3.58,3.52,219,4369882,15521920.05,3.57,11/8/20,3.51,3.57,0.06,0,ARMX,Transportation,Aramex PJSC,DFM,UAE,0,0
10/8/20,3.5,3.52,3.47,151,2183180,7637694.72,3.51,10/8/20,3.47,3.51,0.04,0,ARMX,Transportation,Aramex PJSC,DFM,UAE,0,0
9/8/20,3.41,3.49,3.39,239,4863317,16817140.82,3.47,9/8/20,3.4,3.47,0.07,0,ARMX,Transportation,Aramex PJSC,DFM,UAE,0,0
6/8/20,3.35,3.43,3.34,227,9150670,30793991.77,3.4,6/8/20,3.29,3.4,0.11,0,ARMX,Transportation,Aramex PJSC,DFM,UAE,0,0
5/8/20,3.33,3.33,3.27,79,1544138,5095894.68,3.29,5/8/20,3.32,3.29,-0.03,0,ARMX,Transportation,Aramex PJSC,DFM,UAE,0,0
4/8/20,3.3,3.32,3.28,103,1522050,5028010.19,3.32,4/8/20,3.32,3.32,0,0,ARMX,Transportation,Aramex PJSC,DFM,UAE,0,0
3/8/20,3.29,3.32,3.29,95,1285104,4249673.55,3.32,3/8/20,3.28,3.32,0.04,0,ARMX,Transportation,Aramex PJSC,DFM,UAE,0,0
7/29/20,3.25,3.3,3.25,113,2784817,9087377.23,3.28,29/07/2020,3.28,3.28,0,0,ARMX,Transportation,Aramex PJSC,DFM,UAE,0,0
7/28/20,3.36,3.36,3.23,165,2785498,9125096.04,3.28,28/07/2020,3.32,3.28,-0.04,0,ARMX,Transportation,Aramex PJSC,DFM,UAE,0,0
7/27/20,3.36,3.36,3.31,97,1630697,5415576.41,3.32,27/07/2020,3.36,3.32,-0.04,0,ARMX,Transportation,Aramex PJSC,DFM,UAE,0,0
7/26/20,3.36,3.36,3.35,44,843186,2831161.43,3.36,26/07/2020,3.4,3.36,-0.04,0,ARMX,Transportation,Aramex PJSC,DFM,UAE,0,0
7/23/20,3.44,3.44,3.36,107,1965907,6659229.62,3.4,23/07/2020,3.4,3.4,0,0,ARMX,Transportation,Aramex PJSC,DFM,UAE,0,0
7/22/20,3.47,3.47,3.39,48,685909,2337611.22,3.4,22/07/2020,3.44,3.4,-0.04,0,ARMX,Transportation,Aramex PJSC,DFM,UAE,0,0
7/21/20,3.42,3.48,3.4,157,2692599,9253508.22,3.44,21/07/2020,3.46,3.44,-0.02,0,ARMX,Transportation,Aramex PJSC,DFM,UAE,0,0
7/20/20,3.4,3.48,3.39,181,3390945,11652627.82,3.46,20/07/2020,3.37,3.46,0.09,0,ARMX,Transportation,Aramex PJSC,DFM,UAE,0,0
7/19/20,3.39,3.42,3.36,54,679902,2304702.86,3.37,19/07/2020,3.37,3.37,0,0,ARMX,Transportation,Aramex PJSC,DFM,UAE,0,0
7/16/20,3.4,3.4,3.34,22,196945,660153.78,3.37,16/07/2020,3.4,3.37,-0.03,0,ARMX,Transportation,Aramex PJSC,DFM,UAE,0,0
7/15/20,3.3,3.4,3.3,174,2288850,7671757.61,3.4,15/07/2020,3.29,3.4,0.11,0,ARMX,Transportation,Aramex PJSC,DFM,UAE,0,0
7/14/20,3.3,3.3,3.28,75,889948,2930204.21,3.29,14/07/2020,3.33,3.29,-0.04,0,ARMX,Transportation,Aramex PJSC,DFM,UAE,0,0
7/13/20,3.37,3.37,3.33,65,2577686,8609731.32,3.33,13/07/2020,3.35,3.33,-0.02,0,ARMX,Transportation,Aramex PJSC,DFM,UAE,0,0
12/7/20,3.37,3.37,3.35,43,741443,2498306.87,3.35,12/7/20,3.35,3.35,0,0,ARMX,Transportation,Aramex PJSC,DFM,UAE,0,0
9/7/20,3.39,3.39,3.34,59,856228,2867391.62,3.35,9/7/20,3.4,3.35,-0.05,0,ARMX,Transportation,Aramex PJSC,DFM,UAE,0,0
8/7/20,3.37,3.4,3.34,58,1474779,4973623.88,3.4,8/7/20,3.34,3.4,0.06,0,ARMX,Transportation,Aramex PJSC,DFM,UAE,0,0
7/7/20,3.34,3.35,3.32,86,2232670,7463756.31,3.34,7/7/20,3.34,3.34,0,0,ARMX,Transportation,Aramex PJSC,DFM,UAE,0,0
6/7/20,3.3,3.35,3.3,85,11114520,37205290.86,3.34,6/7/20,3.31,3.34,0.03,0,ARMX,Transportation,Aramex PJSC,DFM,UAE,0,0
5/7/20,3.28,3.34,3.28,55,2071119,6867743.63,3.31,5/7/20,3.28,3.31,0.03,0,ARMX,Transportation,Aramex PJSC,DFM,UAE,0,0
2/7/20,3.2,3.29,3.2,119,3122471,10216466.01,3.28,2/7/20,3.28,3.28,0,0,ARMX,Transportation,Aramex PJSC,DFM,UAE,0,0
1/7/20,3.28,3.3,3.28,99,2620084,8605106.48,3.28,1/7/20,3.45,3.28,-0.17,0,ARMX,Transportation,Aramex PJSC,DFM,UAE,0,0
6/30/20,3.45,3.47,3.42,100,1688025,5819241.25,3.45,30/06/2020,3.44,3.45,0.01,0,ARMX,Transportation,Aramex PJSC,DFM,UAE,0,0
6/29/20,3.5,3.5,3.43,216,3214513,11093797.31,3.44,29/06/2020,3.5,3.44,-0.06,0,ARMX,Transportation,Aramex PJSC,DFM,UAE,0,0
6/28/20,3.55,3.55,3.5,133,3555691,12507187.97,3.5,28/06/2020,3.55,3.5,-0.05,0,ARMX,Transportation,Aramex PJSC,DFM,UAE,0,0
6/25/20,3.48,3.55,3.48,47,858148,3018845.3,3.55,25/06/2020,3.54,3.55,0.01,0,ARMX,Transportation,Aramex PJSC,DFM,UAE,0,0
6/24/20,3.51,3.54,3.49,218,3007814,10605323.97,3.54,24/06/2020,3.52,3.54,0.02,0,ARMX,Transportation,Aramex PJSC,DFM,UAE,0,0
6/23/20,3.58,3.59,3.5,178,2655736,9354508.51,3.52,23/06/2020,3.47,3.52,0.05,0,ARMX,Transportation,Aramex PJSC,DFM,UAE,0,0
6/22/20,3.47,3.48,3.47,7,62806,218417.27,3.47,22/06/2020,3.51,3.47,-0.04,0,ARMX,Transportation,Aramex PJSC,DFM,UAE,0,0
6/21/20,3.45,3.55,3.43,153,3704264,12989185.56,3.51,21/06/2020,3.45,3.51,0.06,0,ARMX,Transportation,Aramex PJSC,DFM,UAE,0,0
6/18/20,3.39,3.45,3.39,161,4772535,16356558.44,3.45,18/06/2020,3.45,3.45,0,0,ARMX,Transportation,Aramex PJSC,DFM,UAE,0,0
6/17/20,3.36,3.45,3.36,18,211311,726187.21,3.45,17/06/2020,3.46,3.45,-0.01,0,ARMX,Transportation,Aramex PJSC,DFM,UAE,0,0
6/16/20,3.36,3.46,3.35,28,763976,2583759.31,3.46,16/06/2020,3.36,3.46,0.1,0,ARMX,Transportation,Aramex PJSC,DFM,UAE,0,0
6/15/20,3.34,3.4,3.34,42,969930,3260310.4,3.36,15/06/2020,3.4,3.36,-0.04,0,ARMX,Transportation,Aramex PJSC,DFM,UAE,0,0
6/14/20,3.34,3.4,3.32,34,441483,1494321.2,3.4,14/06/2020,3.39,3.4,0.01,0,ARMX,Transportation,Aramex PJSC,DFM,UAE,0,0
11/6/20,3.4,3.43,3.38,44,421244,1428433.9,3.39,11/6/20,3.44,3.39,-0.05,0,ARMX,Transportation,Aramex PJSC,DFM,UAE,0,0
10/6/20,3.43,3.44,3.4,63,678356,2324852.2,3.44,10/6/20,3.43,3.44,0.01,0,ARMX,Transportation,Aramex PJSC,DFM,UAE,0,0
9/6/20,3.45,3.45,3.4,127,3054275,10433339.53,3.43,9/6/20,3.46,3.43,-0.03,0,ARMX,Transportation,Aramex PJSC,DFM,UAE,0,0
8/6/20,3.4,3.49,3.36,104,2244077,7757592.4,3.46,8/6/20,3.43,3.46,0.03,0,ARMX,Transportation,Aramex PJSC,DFM,UAE,0,0
7/6/20,3.39,3.44,3.35,231,3769489,12814257.29,3.43,7/6/20,3.34,3.43,0.09,0,ARMX,Transportation,Aramex PJSC,DFM,UAE,0,0
4/6/20,3.29,3.38,3.29,167,4208476,14121164.26,3.34,4/6/20,3.3,3.34,0.04,0,ARMX,Transportation,Aramex PJSC,DFM,UAE,0,0
3/6/20,3.17,3.3,3.17,144,3025687,9762478.63,3.3,3/6/20,3.18,3.3,0.12,0,ARMX,Transportation,Aramex PJSC,DFM,UAE,0,0
2/6/20,3.16,3.18,3.12,124,1853727,5834207.66,3.18,2/6/20,3.15,3.18,0.03,0,ARMX,Transportation,Aramex PJSC,DFM,UAE,0,0
1/6/20,3.1,3.16,3.09,153,1785275,5604683.89,3.15,1/6/20,3.11,3.15,0.04,0,ARMX,Transportation,Aramex PJSC,DFM,UAE,0,0
5/31/20,3.14,3.15,3.11,18,248265,776994.75,3.11,31/05/2020,3.15,3.11,-0.04,0,ARMX,Transportation,Aramex PJSC,DFM,UAE,0,0
5/28/20,3.15,3.18,3.14,101,1172524,3693162.55,3.15,28/05/2020,3.18,3.15,-0.03,0,ARMX,Transportation,Aramex PJSC,DFM,UAE,0,0
5/27/20,3.18,3.28,3.13,228,2223414,7045601.47,3.18,27/05/2020,3.14,3.18,0.04,0,ARMX,Transportation,Aramex PJSC,DFM,UAE,0,0
5/21/20,3.19,3.19,3.12,110,3350790,10509405.17,3.14,21/05/2020,3.12,3.14,0.02,0,ARMX,Transportation,Aramex PJSC,DFM,UAE,0,0
5/20/20,3.1,3.15,3.1,77,1316304,4103553.85,3.12,20/05/2020,3.14,3.12,-0.02,0,ARMX,Transportation,Aramex PJSC,DFM,UAE,0,0
5/19/20,3.1,3.14,3,172,3380546,10393933.76,3.14,19/05/2020,3.06,3.14,0.08,0,ARMX,Transportation,Aramex PJSC,DFM,UAE,0,0
5/18/20,3.1,3.16,3.06,106,1262537,3916741.1,3.06,18/05/2020,3.09,3.06,-0.03,0,ARMX,Transportation,Aramex PJSC,DFM,UAE,0,0
5/17/20,3.1,3.11,3.09,28,480137,1489270.88,3.09,17/05/2020,3.11,3.09,-0.02,0,ARMX,Transportation,Aramex PJSC,DFM,UAE,0,0
5/14/20,3.14,3.17,3.08,197,2670724,8311556.12,3.11,14/05/2020,3.17,3.11,-0.06,0,ARMX,Transportation,Aramex PJSC,DFM,UAE,0,0
5/13/20,3.08,3.2,3.06,253,5266766,16618392.02,3.17,13/05/2020,3.08,3.17,0.09,0,ARMX,Transportation,Aramex PJSC,DFM,UAE,0,0
12/5/20,2.93,3.08,2.93,178,4018588,12197609.79,3.08,12/5/20,3.02,3.08,0.06,0,ARMX,Transportation,Aramex PJSC,DFM,UAE,0,0
11/5/20,2.97,3.02,2.91,142,2640679,7925273.55,3.02,11/5/20,3.03,3.02,-0.01,0,ARMX,Transportation,Aramex PJSC,DFM,UAE,0,0
10/5/20,2.93,3.05,2.88,229,5581443,16413440.96,3.03,10/5/20,3.03,3.03,0,0,ARMX,Transportation,Aramex PJSC,DFM,UAE,0,0
7/5/20,2.99,3.07,2.93,172,2965917,8989690.99,3.03,7/5/20,2.99,3.03,0.04,0,ARMX,Transportation,Aramex PJSC,DFM,UAE,0,0
6/5/20,2.92,2.99,2.87,136,2861455,8354910.17,2.99,6/5/20,2.89,2.99,0.1,0,ARMX,Transportation,Aramex PJSC,DFM,UAE,0,0
5/5/20,2.92,2.95,2.88,104,2237040,6480227.63,2.89,5/5/20,2.86,2.89,0.03,0,ARMX,Transportation,Aramex PJSC,DFM,UAE,0,0
4/5/20,2.88,2.88,2.8,76,894728,2545314.54,2.86,4/5/20,2.9,2.86,-0.04,0,ARMX,Transportation,Aramex PJSC,DFM,UAE,0,0
3/5/20,2.96,3.02,2.87,144,2764688,8125584.82,2.9,3/5/20,3.02,2.9,-0.12,0,ARMX,Transportation,Aramex PJSC,DFM,UAE,0,0
4/30/20,2.97,3.07,2.96,134,2130925,6405559.95,3.02,30/04/2020,2.95,3.02,0.07,0,ARMX,Transportation,Aramex PJSC,DFM,UAE,0,0
4/29/20,2.9,2.95,2.88,132,2018747,5885242.07,2.95,29/04/2020,2.93,2.95,0.02,0,ARMX,Transportation,Aramex PJSC,DFM,UAE,0,0
4/28/20,2.9,2.94,2.88,148,3815262,11122739.29,2.93,28/04/2020,2.92,2.93,0.01,0,ARMX,Transportation,Aramex PJSC,DFM,UAE,0,0
4/27/20,2.94,2.96,2.83,297,5727031,16467867.52,2.92,27/04/2020,2.92,2.92,0,0,ARMX,Transportation,Aramex PJSC,DFM,UAE,0,0
4/26/20,2.9,2.92,2.84,140,2936097,8458141,2.92,26/04/2020,2.82,2.92,0.1,0,ARMX,Transportation,Aramex PJSC,DFM,UAE,0,0
4/23/20,2.72,2.82,2.72,304,6680554,18718942.83,2.82,23/04/2020,2.72,2.82,0.1,0,ARMX,Transportation,Aramex PJSC,DFM,UAE,0,0
4/22/20,2.66,2.73,2.65,98,4025482,10841609.79,2.72,22/04/2020,2.68,2.72,0.04,0,ARMX,Transportation,Aramex PJSC,DFM,UAE,0,0
4/21/20,2.69,2.73,2.65,89,2569261,6894471.52,2.68,21/04/2020,2.74,2.68,-0.06,0,ARMX,Transportation,Aramex PJSC,DFM,UAE,0,0
4/20/20,2.75,2.75,2.7,68,1012739,2759664.93,2.74,20/04/2020,2.75,2.74,-0.01,0,ARMX,Transportation,Aramex PJSC,DFM,UAE,0,0
4/19/20,2.72,2.76,2.71,149,2782335,7628134.26,2.75,19/04/2020,2.66,2.75,0.09,0,ARMX,Transportation,Aramex PJSC,DFM,UAE,0,0
4/16/20,2.57,2.66,2.57,208,2864002,7477769.3,2.66,16/04/2020,2.66,2.66,0,0,ARMX,Transportation,Aramex PJSC,DFM,UAE,0,0
4/15/20,2.72,2.72,2.63,187,2591051,6918600.17,2.66,15/04/2020,2.75,2.66,-0.09,0,ARMX,Transportation,Aramex PJSC,DFM,UAE,0,0
4/14/20,2.79,2.79,2.72,102,1299642,3577832.97,2.75,14/04/2020,2.75,2.75,0,0,ARMX,Transportation,Aramex PJSC,DFM,UAE,0,0
4/13/20,2.79,2.8,2.75,155,2681124,7447176.33,2.75,13/04/2020,2.8,2.75,-0.05,0,ARMX,Transportation,Aramex PJSC,DFM,UAE,0,0
12/4/20,2.8,2.81,2.73,89,1467211,4088212.31,2.8,12/4/20,2.78,2.8,0.02,0,ARMX,Transportation,Aramex PJSC,DFM,UAE,0,0
9/4/20,2.65,2.78,2.65,247,5548854,15091035.96,2.78,9/4/20,2.57,2.78,0.21,0,ARMX,Transportation,Aramex PJSC,DFM,UAE,0,0
8/4/20,2.69,2.77,2.57,248,4065596,10745672.51,2.57,8/4/20,2.68,2.57,-0.11,0,ARMX,Transportation,Aramex PJSC,DFM,UAE,0,0
7/4/20,2.56,2.9,2.56,581,9264515,25746478.73,2.68,7/4/20,2.59,2.68,0.09,0,ARMX,Transportation,Aramex PJSC,DFM,UAE,0,0
6/4/20,2.37,2.59,2.37,335,6093397,15237847.6,2.59,6/4/20,2.38,2.59,0.21,0,ARMX,Transportation,Aramex PJSC,DFM,UAE,0,0
5/4/20,2.3,2.38,2.3,129,1902035,4486814.22,2.38,5/4/20,2.33,2.38,0.05,0,ARMX,Transportation,Aramex PJSC,DFM,UAE,0,0
2/4/20,2.29,2.41,2.29,243,5743736,13535854.31,2.33,2/4/20,2.28,2.33,0.05,0,ARMX,Transportation,Aramex PJSC,DFM,UAE,0,0
1/4/20,2.29,2.29,2.26,133,2367017,5385610.69,2.28,1/4/20,2.26,2.28,0.02,0,ARMX,Transportation,Aramex PJSC,DFM,UAE,0,0
3/31/20,2.2,2.35,2.2,284,5387073,12315278,2.26,31/03/2020,2.25,2.26,0.01,0,ARMX,Transportation,Aramex PJSC,DFM,UAE,0,0
3/30/20,2.26,2.26,2.22,163,3571683,7965703.85,2.25,30/03/2020,2.24,2.25,0.01,0,ARMX,Transportation,Aramex PJSC,DFM,UAE,0,0
3/29/20,2.23,2.27,2.2,118,2322189,5241314.1,2.24,29/03/2020,2.25,2.24,-0.01,0,ARMX,Transportation,Aramex PJSC,DFM,UAE,0,0
3/26/20,2.22,2.26,2.21,168,3061845,6805430.45,2.25,26/03/2020,2.21,2.25,0.04,0,ARMX,Transportation,Aramex PJSC,DFM,UAE,0,0
3/25/20,2.17,2.28,2.17,243,5145275,11543896.85,2.21,25/03/2020,2.13,2.21,0.08,0,ARMX,Transportation,Aramex PJSC,DFM,UAE,0,0
3/24/20,2,2.18,2,146,2098248,4471906.23,2.13,24/03/2020,2.01,2.13,0.12,0,ARMX,Transportation,Aramex PJSC,DFM,UAE,0,0
3/23/20,2.06,2.09,2.01,108,1452205,2968886.78,2.01,23/03/2020,2.1,2.01,-0.09,0,ARMX,Transportation,Aramex PJSC,DFM,UAE,0,0
3/22/20,2.05,2.13,2.05,85,1740929,3623058.85,2.1,22/03/2020,2.15,2.1,-0.05,0,ARMX,Transportation,Aramex PJSC,DFM,UAE,0,0
3/19/20,2.1,2.23,2.09,370,11555500,24343819.78,2.15,19/03/2020,2.19,2.15,-0.04,0,ARMX,Transportation,Aramex PJSC,DFM,UAE,0,0
3/18/20,2.25,2.27,2.15,275,5833715,12873358.88,2.19,18/03/2020,2.15,2.19,0.04,0,ARMX,Transportation,Aramex PJSC,DFM,UAE,0,0
3/17/20,2.39,2.39,2.05,203,3866899,8319128.41,2.15,17/03/2020,2.27,2.15,-0.12,0,ARMX,Transportation,Aramex PJSC,DFM,UAE,0,0
3/16/20,2.44,2.64,2.25,113,2285279,5500893.82,2.27,16/03/2020,2.4,2.27,-0.13,0,ARMX,Transportation,Aramex PJSC,DFM,UAE,0,0
3/15/20,2.8,2.8,2.4,161,6279056,15287628.9,2.4,15/03/2020,2.66,2.4,-0.26,0,ARMX,Transportation,Aramex PJSC,DFM,UAE,0,0
12/3/20,2.66,2.66,2.66,91,3340106,8884681.96,2.66,12/3/20,2.95,2.66,-0.29,0,ARMX,Transportation,Aramex PJSC,DFM,UAE,0,0
11/3/20,2.99,2.99,2.8,105,1398152,4000526.69,2.95,11/3/20,2.86,2.95,0.09,0,ARMX,Transportation,Aramex PJSC,DFM,UAE,0,0
10/3/20,2.6,2.86,2.58,259,8951544,24932318.42,2.86,10/3/20,2.49,2.86,0.37,0,ARMX,Transportation,Aramex PJSC,DFM,UAE,0,0
9/3/20,2.43,2.5,2.43,171,5991012,14590608.46,2.49,9/3/20,2.7,2.49,-0.21,0,ARMX,Transportation,Aramex PJSC,DFM,UAE,0,0
8/3/20,2.93,2.93,2.7,146,3304554,8981040.35,2.7,8/3/20,3,2.7,-0.3,0,ARMX,Transportation,Aramex PJSC,DFM,UAE,0,0
5/3/20,3.1,3.1,2.98,128,3041322,9204016.72,3,5/3/20,3.01,3,-0.01,0,ARMX,Transportation,Aramex PJSC,DFM,UAE,0,0
4/3/20,3.11,3.11,3.01,191,3278604,10024318.28,3.01,4/3/20,3.19,3.01,-0.18,0,ARMX,Transportation,Aramex PJSC,DFM,UAE,0,0
3/3/20,3.2,3.2,3.14,175,4181093,13260328.15,3.19,3/3/20,3.15,3.19,0.04,0,ARMX,Transportation,Aramex PJSC,DFM,UAE,0,0
2/3/20,3.24,3.25,3.15,206,8161082,26075713.75,3.15,2/3/20,3.09,3.15,0.06,0,ARMX,Transportation,Aramex PJSC,DFM,UAE,0,0
1/3/20,3.15,3.15,3.09,112,2242597,6952848.44,3.09,1/3/20,3.25,3.09,-0.16,0,ARMX,Transportation,Aramex PJSC,DFM,UAE,0,0
2/27/20,3.31,3.31,3.19,175,2689298,8714537.59,3.25,27/02/2020,3.31,3.25,-0.06,0,ARMX,Transportation,Aramex PJSC,DFM,UAE,0,0
2/26/20,3.42,3.42,3.3,58,794499,2656760.44,3.31,26/02/2020,3.43,3.31,-0.12,0,ARMX,Transportation,Aramex PJSC,DFM,UAE,0,0
2/25/20,3.48,3.48,3.35,63,859849,2923193.28,3.43,25/02/2020,3.45,3.43,-0.02,0,ARMX,Transportation,Aramex PJSC,DFM,UAE,0,0
8/20/20,0.336,0.339,0.334,21,1477435,495917.95,0.335,20/08/2020,0.345,0.335,-0.01,0,AMLAK,Banks,Amlak Finance P.J.S.C,DFM,UAE,0,0
8/19/20,0.337,0.345,0.335,24,1509752,508513.93,0.345,19/08/2020,0.34,0.345,0.01,0,AMLAK,Banks,Amlak Finance P.J.S.C,DFM,UAE,0,0
8/18/20,0.338,0.342,0.33,27,1755721,594706.95,0.34,18/08/2020,0.339,0.34,0,0,AMLAK,Banks,Amlak Finance P.J.S.C,DFM,UAE,0,0
8/17/20,0.345,0.345,0.337,24,978455,331834.39,0.339,17/08/2020,0.337,0.339,0,0,AMLAK,Banks,Amlak Finance P.J.S.C,DFM,UAE,0,0
8/16/20,0.338,0.36,0.335,124,10534918,3664035.15,0.337,16/08/2020,0.333,0.337,0,0,AMLAK,Banks,Amlak Finance P.J.S.C,DFM,UAE,0,0
8/13/20,0.33,0.335,0.323,42,1952552,647192.44,0.333,13/08/2020,0.332,0.333,0,0,AMLAK,Banks,Amlak Finance P.J.S.C,DFM,UAE,0,0
12/8/20,0.326,0.332,0.31,38,2761088,894980.17,0.332,12/8/20,0.324,0.332,0.01,0,AMLAK,Banks,Amlak Finance P.J.S.C,DFM,UAE,0,0
11/8/20,0.333,0.334,0.322,40,1769850,577763.16,0.324,11/8/20,0.334,0.324,-0.01,0,AMLAK,Banks,Amlak Finance P.J.S.C,DFM,UAE,0,0
10/8/20,0.334,0.339,0.334,20,1385528,466980.09,0.334,10/8/20,0.334,0.334,0,0,AMLAK,Banks,Amlak Finance P.J.S.C,DFM,UAE,0,0
9/8/20,0.338,0.349,0.331,19,716131,241008.92,0.334,9/8/20,0.338,0.334,0,0,AMLAK,Banks,Amlak Finance P.J.S.C,DFM,UAE,0,0
6/8/20,0.343,0.343,0.337,16,788590,266469.21,0.338,6/8/20,0.337,0.338,0,0,AMLAK,Banks,Amlak Finance P.J.S.C,DFM,UAE,0,0
5/8/20,0.341,0.356,0.335,107,9420076,3245478.39,0.337,5/8/20,0.347,0.337,-0.01,0,AMLAK,Banks,Amlak Finance P.J.S.C,DFM,UAE,0,0
4/8/20,0.363,0.365,0.347,159,12776938,4493833.02,0.347,4/8/20,0.365,0.347,-0.02,0,AMLAK,Banks,Amlak Finance P.J.S.C,DFM,UAE,0,0
3/8/20,0.346,0.38,0.346,340,28842298,10556774.53,0.365,3/8/20,0.337,0.365,0.03,0,AMLAK,Banks,Amlak Finance P.J.S.C,DFM,UAE,0,0
7/29/20,0.323,0.34,0.316,110,7641959,2516612.37,0.337,29/07/2020,0.326,0.337,0.01,0,AMLAK,Banks,Amlak Finance P.J.S.C,DFM,UAE,0,0
7/28/20,0.331,0.338,0.323,44,3238022,1069115.71,0.326,28/07/2020,0.33,0.326,0,0,AMLAK,Banks,Amlak Finance P.J.S.C,DFM,UAE,0,0
7/27/20,0.318,0.34,0.317,113,6880038,2257225.66,0.33,27/07/2020,0.318,0.33,0.01,0,AMLAK,Banks,Amlak Finance P.J.S.C,DFM,UAE,0,0
7/26/20,0.316,0.324,0.315,76,4205733,1336053.68,0.318,26/07/2020,0.32,0.318,0,0,AMLAK,Banks,Amlak Finance P.J.S.C,DFM,UAE,0,0
7/23/20,0.325,0.325,0.317,12,515000,164169,0.32,23/07/2020,0.319,0.32,0,0,AMLAK,Banks,Amlak Finance P.J.S.C,DFM,UAE,0,0
7/22/20,0.321,0.321,0.319,20,1067000,341652.63,0.319,22/07/2020,0.324,0.319,-0.01,0,AMLAK,Banks,Amlak Finance P.J.S.C,DFM,UAE,0,0
7/21/20,0.326,0.327,0.321,30,2177668,707022.8,0.324,21/07/2020,0.32,0.324,0,0,AMLAK,Banks,Amlak Finance P.J.S.C,DFM,UAE,0,0
7/20/20,0.319,0.327,0.315,56,4669323,1489954.67,0.32,20/07/2020,0.319,0.32,0,0,AMLAK,Banks,Amlak Finance P.J.S.C,DFM,UAE,0,0
7/19/20,0.324,0.324,0.319,59,5863659,1883108.12,0.319,19/07/2020,0.322,0.319,0,0,AMLAK,Banks,Amlak Finance P.J.S.C,DFM,UAE,0,0
7/16/20,0.323,0.331,0.322,59,4153099,1351448.65,0.322,16/07/2020,0.326,0.322,0,0,AMLAK,Banks,Amlak Finance P.J.S.C,DFM,UAE,0,0
7/15/20,0.339,0.339,0.326,60,5067589,1672570.64,0.326,15/07/2020,0.334,0.326,-0.01,0,AMLAK,Banks,Amlak Finance P.J.S.C,DFM,UAE,0,0
7/14/20,0.327,0.345,0.327,174,15536588,5249577.35,0.334,14/07/2020,0.331,0.334,0,0,AMLAK,Banks,Amlak Finance P.J.S.C,DFM,UAE,0,0
7/13/20,0.34,0.345,0.325,159,14998658,5027642.2,0.331,13/07/2020,0.334,0.331,0,0,AMLAK,Banks,Amlak Finance P.J.S.C,DFM,UAE,0,0
12/7/20,0.315,0.338,0.306,259,20525445,6790708.08,0.334,12/7/20,0.308,0.334,0.03,0,AMLAK,Banks,Amlak Finance P.J.S.C,DFM,UAE,0,0
9/7/20,0.316,0.316,0.298,119,7770262,2384895.47,0.308,9/7/20,0.306,0.308,0,0,AMLAK,Banks,Amlak Finance P.J.S.C,DFM,UAE,0,0
8/7/20,0.337,0.353,0.306,289,22394166,7388480.17,0.306,8/7/20,0.319,0.306,-0.01,0,AMLAK,Banks,Amlak Finance P.J.S.C,DFM,UAE,0,0
7/7/20,0.279,0.319,0.279,217,26933059,8460822.04,0.319,7/7/20,0.278,0.319,0.04,0,AMLAK,Banks,Amlak Finance P.J.S.C,DFM,UAE,0,0
6/7/20,0.275,0.28,0.259,100,8092910,2195068.44,0.278,6/7/20,0.271,0.278,0.01,0,AMLAK,Banks,Amlak Finance P.J.S.C,DFM,UAE,0,0
5/7/20,0.28,0.28,0.267,78,7109467,1923466.69,0.271,5/7/20,0.281,0.271,-0.01,0,AMLAK,Banks,Amlak Finance P.J.S.C,DFM,UAE,0,0
2/7/20,0.285,0.285,0.276,46,3353350,943374.1,0.281,2/7/20,0.29,0.281,-0.01,0,AMLAK,Banks,Amlak Finance P.J.S.C,DFM,UAE,0,0
1/7/20,0.294,0.294,0.286,28,1537174,444577.34,0.29,1/7/20,0.287,0.29,0,0,AMLAK,Banks,Amlak Finance P.J.S.C,DFM,UAE,0,0
6/30/20,0.298,0.3,0.285,84,5991684,1734909.84,0.287,30/06/2020,0.299,0.287,-0.01,0,AMLAK,Banks,Amlak Finance P.J.S.C,DFM,UAE,0,0
6/29/20,0.306,0.307,0.298,90,8031723,2421600.92,0.299,29/06/2020,0.311,0.299,-0.01,0,AMLAK,Banks,Amlak Finance P.J.S.C,DFM,UAE,0,0
6/28/20,0.318,0.32,0.308,105,11024090,3450838.9,0.311,28/06/2020,0.32,0.311,-0.01,0,AMLAK,Banks,Amlak Finance P.J.S.C,DFM,UAE,0,0
6/25/20,0.322,0.324,0.319,81,6121448,1964267.1,0.32,25/06/2020,0.322,0.32,0,0,AMLAK,Banks,Amlak Finance P.J.S.C,DFM,UAE,0,0
6/24/20,0.325,0.338,0.322,96,6499905,2128004.95,0.322,24/06/2020,0.327,0.322,-0.01,0,AMLAK,Banks,Amlak Finance P.J.S.C,DFM,UAE,0,0
6/23/20,0.348,0.35,0.327,140,11664829,3929831.25,0.327,23/06/2020,0.336,0.327,-0.01,0,AMLAK,Banks,Amlak Finance P.J.S.C,DFM,UAE,0,0
6/22/20,0.329,0.345,0.329,101,8501979,2863153.55,0.336,22/06/2020,0.321,0.336,0.02,0,AMLAK,Banks,Amlak Finance P.J.S.C,DFM,UAE,0,0
6/21/20,0.324,0.334,0.312,74,8436008,2691938.23,0.321,21/06/2020,0.328,0.321,-0.01,0,AMLAK,Banks,Amlak Finance P.J.S.C,DFM,UAE,0,0
6/18/20,0.326,0.334,0.324,40,2456106,805828.36,0.328,18/06/2020,0.33,0.328,0,0,AMLAK,Banks,Amlak Finance P.J.S.C,DFM,UAE,0,0
6/17/20,0.339,0.345,0.327,76,5385479,1790384.83,0.33,17/06/2020,0.339,0.33,-0.01,0,AMLAK,Banks,Amlak Finance P.J.S.C,DFM,UAE,0,0
6/16/20,0.363,0.367,0.339,191,19237412,6775161.72,0.339,16/06/2020,0.352,0.339,-0.01,0,AMLAK,Banks,Amlak Finance P.J.S.C,DFM,UAE,0,0
6/15/20,0.328,0.366,0.325,467,48990450,17320129.55,0.352,15/06/2020,0.325,0.352,0.03,0,AMLAK,Banks,Amlak Finance P.J.S.C,DFM,UAE,0,0
6/14/20,0.322,0.329,0.319,71,5348012,1722818.03,0.325,14/06/2020,0.326,0.325,0,0,AMLAK,Banks,Amlak Finance P.J.S.C,DFM,UAE,0,0
11/6/20,0.323,0.337,0.32,126,8511984,2793368.8,0.326,11/6/20,0.33,0.326,0,0,AMLAK,Banks,Amlak Finance P.J.S.C,DFM,UAE,0,0
10/6/20,0.321,0.334,0.321,89,6906844,2266796.15,0.33,10/6/20,0.323,0.33,0.01,0,AMLAK,Banks,Amlak Finance P.J.S.C,DFM,UAE,0,0
9/6/20,0.338,0.338,0.32,73,5009389,1620504.12,0.323,9/6/20,0.331,0.323,-0.01,0,AMLAK,Banks,Amlak Finance P.J.S.C,DFM,UAE,0,0
8/6/20,0.324,0.34,0.32,214,19411410,6445251.83,0.331,8/6/20,0.322,0.331,0.01,0,AMLAK,Banks,Amlak Finance P.J.S.C,DFM,UAE,0,0
7/6/20,0.32,0.324,0.311,123,8118123,2588366.61,0.322,7/6/20,0.316,0.322,0.01,0,AMLAK,Banks,Amlak Finance P.J.S.C,DFM,UAE,0,0
4/6/20,0.324,0.324,0.316,78,5583309,1778913.12,0.316,4/6/20,0.323,0.316,-0.01,0,AMLAK,Banks,Amlak Finance P.J.S.C,DFM,UAE,0,0
3/6/20,0.318,0.326,0.317,82,5562350,1792421.78,0.323,3/6/20,0.321,0.323,0,0,AMLAK,Banks,Amlak Finance P.J.S.C,DFM,UAE,0,0
2/6/20,0.327,0.327,0.316,34,1270681,406335.65,0.321,2/6/20,0.321,0.321,0,0,AMLAK,Banks,Amlak Finance P.J.S.C,DFM,UAE,0,0
1/6/20,0.327,0.327,0.316,23,1274901,406665.75,0.321,1/6/20,0.323,0.321,0,0,AMLAK,Banks,Amlak Finance P.J.S.C,DFM,UAE,0,0
5/31/20,0.325,0.335,0.321,90,7553075,2443009.99,0.323,31/05/2020,0.337,0.323,-0.01,0,AMLAK,Banks,Amlak Finance P.J.S.C,DFM,UAE,0,0
5/28/20,0.345,0.349,0.333,46,3988053,1352365.31,0.337,28/05/2020,0.35,0.337,-0.01,0,AMLAK,Banks,Amlak Finance P.J.S.C,DFM,UAE,0,0
5/27/20,0.345,0.352,0.342,65,4783567,1663373.11,0.35,27/05/2020,0.335,0.35,0.02,0,AMLAK,Banks,Amlak Finance P.J.S.C,DFM,UAE,0,0
5/21/20,0.344,0.344,0.332,31,1498000,500197.84,0.335,21/05/2020,0.334,0.335,0,0,AMLAK,Banks,Amlak Finance P.J.S.C,DFM,UAE,0,0
5/20/20,0.337,0.339,0.329,29,1977942,659559.81,0.334,20/05/2020,0.337,0.334,0,0,AMLAK,Banks,Amlak Finance P.J.S.C,DFM,UAE,0,0
5/19/20,0.35,0.351,0.337,75,5067317,1736666.17,0.337,19/05/2020,0.341,0.337,0,0,AMLAK,Banks,Amlak Finance P.J.S.C,DFM,UAE,0,0
5/18/20,0.35,0.355,0.341,103,6273385,2174239.92,0.341,18/05/2020,0.35,0.341,-0.01,0,AMLAK,Banks,Amlak Finance P.J.S.C,DFM,UAE,0,0
5/17/20,0.321,0.36,0.321,213,17785948,6109240.35,0.35,17/05/2020,0.324,0.35,0.03,0,AMLAK,Banks,Amlak Finance P.J.S.C,DFM,UAE,0,0
5/14/20,0.325,0.326,0.317,60,4327119,1399769.13,0.324,14/05/2020,0.329,0.324,-0.01,0,AMLAK,Banks,Amlak Finance P.J.S.C,DFM,UAE,0,0
5/13/20,0.328,0.333,0.321,52,3315473,1080724.5,0.329,13/05/2020,0.329,0.329,0,0,AMLAK,Banks,Amlak Finance P.J.S.C,DFM,UAE,0,0
12/5/20,0.325,0.332,0.322,46,2921219,957183.95,0.329,12/5/20,0.325,0.329,0,0,AMLAK,Banks,Amlak Finance P.J.S.C,DFM,UAE,0,0
11/5/20,0.33,0.33,0.32,73,5497407,1774785.47,0.325,11/5/20,0.331,0.325,-0.01,0,AMLAK,Banks,Amlak Finance P.J.S.C,DFM,UAE,0,0
10/5/20,0.341,0.347,0.32,101,8152113,2710804.24,0.331,10/5/20,0.331,0.331,0,0,AMLAK,Banks,Amlak Finance P.J.S.C,DFM,UAE,0,0
7/5/20,0.332,0.339,0.33,40,2606193,869816.55,0.331,7/5/20,0.338,0.331,-0.01,0,AMLAK,Banks,Amlak Finance P.J.S.C,DFM,UAE,0,0
6/5/20,0.348,0.349,0.335,61,3304936,1124522.99,0.338,6/5/20,0.339,0.338,0,0,AMLAK,Banks,Amlak Finance P.J.S.C,DFM,UAE,0,0
5/5/20,0.349,0.357,0.337,121,8110870,2829240.85,0.339,5/5/20,0.342,0.339,0,0,AMLAK,Banks,Amlak Finance P.J.S.C,DFM,UAE,0,0
4/5/20,0.329,0.343,0.325,237,17275658,5735833.56,0.342,4/5/20,0.342,0.342,0,0,AMLAK,Banks,Amlak Finance P.J.S.C,DFM,UAE,0,0
3/5/20,0.36,0.36,0.342,113,8772669,3049584.64,0.342,3/5/20,0.36,0.342,-0.02,0,AMLAK,Banks,Amlak Finance P.J.S.C,DFM,UAE,0,0
4/30/20,0.365,0.374,0.358,255,20653930,7532402.93,0.36,30/04/2020,0.355,0.36,0.01,0,AMLAK,Banks,Amlak Finance P.J.S.C,DFM,UAE,0,0
4/29/20,0.343,0.366,0.34,333,29354897,10374530.85,0.355,29/04/2020,0.338,0.355,0.02,0,AMLAK,Banks,Amlak Finance P.J.S.C,DFM,UAE,0,0
4/28/20,0.33,0.345,0.326,177,15696726,5299416.13,0.338,28/04/2020,0.337,0.338,0,0,AMLAK,Banks,Amlak Finance P.J.S.C,DFM,UAE,0,0
4/27/20,0.345,0.345,0.325,208,17309704,5783201.12,0.337,27/04/2020,0.34,0.337,0,0,AMLAK,Banks,Amlak Finance P.J.S.C,DFM,UAE,0,0
4/26/20,0.32,0.341,0.318,331,31626272,10551039.39,0.34,26/04/2020,0.317,0.34,0.02,0,AMLAK,Banks,Amlak Finance P.J.S.C,DFM,UAE,0,0
4/23/20,0.324,0.33,0.315,253,24231634,7775140.81,0.317,23/04/2020,0.314,0.317,0,0,AMLAK,Banks,Amlak Finance P.J.S.C,DFM,UAE,0,0
4/22/20,0.276,0.317,0.275,341,30524113,9216147.49,0.314,22/04/2020,0.285,0.314,0.03,0,AMLAK,Banks,Amlak Finance P.J.S.C,DFM,UAE,0,0
4/21/20,0.295,0.295,0.285,169,18366065,5287306.33,0.285,21/04/2020,0.3,0.285,-0.02,0,AMLAK,Banks,Amlak Finance P.J.S.C,DFM,UAE,0,0
4/20/20,0.305,0.309,0.29,171,9783427,2935529.48,0.3,20/04/2020,0.302,0.3,0,0,AMLAK,Banks,Amlak Finance P.J.S.C,DFM,UAE,0,0
4/19/20,0.307,0.316,0.3,147,12498634,3859440.9,0.302,19/04/2020,0.296,0.302,0.01,0,AMLAK,Banks,Amlak Finance P.J.S.C,DFM,UAE,0,0
4/16/20,0.32,0.32,0.295,160,15059228,4567445.17,0.296,16/04/2020,0.31,0.296,-0.01,0,AMLAK,Banks,Amlak Finance P.J.S.C,DFM,UAE,0,0
4/15/20,0.306,0.328,0.297,474,48805313,15247518.18,0.31,15/04/2020,0.297,0.31,0.01,0,AMLAK,Banks,Amlak Finance P.J.S.C,DFM,UAE,0,0
4/14/20,0.258,0.297,0.253,414,44094913,12244318.39,0.297,14/04/2020,0.259,0.297,0.04,0,AMLAK,Banks,Amlak Finance P.J.S.C,DFM,UAE,0,0
4/13/20,0.261,0.262,0.253,68,6214268,1596264.13,0.259,13/04/2020,0.26,0.259,0,0,AMLAK,Banks,Amlak Finance P.J.S.C,DFM,UAE,0,0
12/4/20,0.252,0.264,0.251,100,9514546,2457864.18,0.26,12/4/20,0.251,0.26,0.01,0,AMLAK,Banks,Amlak Finance P.J.S.C,DFM,UAE,0,0
9/4/20,0.253,0.255,0.247,84,6929016,1735704.85,0.251,9/4/20,0.242,0.251,0.01,0,AMLAK,Banks,Amlak Finance P.J.S.C,DFM,UAE,0,0
8/4/20,0.25,0.25,0.241,28,2102633,512726.83,0.242,8/4/20,0.248,0.242,-0.01,0,AMLAK,Banks,Amlak Finance P.J.S.C,DFM,UAE,0,0
7/4/20,0.243,0.254,0.242,97,8572017,2122656.25,0.248,7/4/20,0.237,0.248,0.01,0,AMLAK,Banks,Amlak Finance P.J.S.C,DFM,UAE,0,0
6/4/20,0.244,0.245,0.231,44,8300537,1969685.44,0.237,6/4/20,0.234,0.237,0,0,AMLAK,Banks,Amlak Finance P.J.S.C,DFM,UAE,0,0
5/4/20,0.239,0.25,0.233,81,6078321,1471782.66,0.234,5/4/20,0.24,0.234,-0.01,0,AMLAK,Banks,Amlak Finance P.J.S.C,DFM,UAE,0,0
2/4/20,0.237,0.24,0.234,19,1802635,425046.2,0.24,2/4/20,0.229,0.24,0.01,0,AMLAK,Banks,Amlak Finance P.J.S.C,DFM,UAE,0,0
1/4/20,0.233,0.24,0.229,43,2569507,590255,0.229,1/4/20,0.241,0.229,-0.01,0,AMLAK,Banks,Amlak Finance P.J.S.C,DFM,UAE,0,0
3/31/20,0.25,0.25,0.241,59,9261987,2253273.8,0.241,31/03/2020,0.253,0.241,-0.01,0,AMLAK,Banks,Amlak Finance P.J.S.C,DFM,UAE,0,0
3/30/20,0.255,0.257,0.25,46,4853621,1222755.11,0.253,30/03/2020,0.258,0.253,-0.01,0,AMLAK,Banks,Amlak Finance P.J.S.C,DFM,UAE,0,0
3/29/20,0.252,0.27,0.245,142,12573633,3256338.77,0.258,29/03/2020,0.253,0.258,0.01,0,AMLAK,Banks,Amlak Finance P.J.S.C,DFM,UAE,0,0
3/26/20,0.251,0.253,0.243,57,4634101,1142444.17,0.253,26/03/2020,0.255,0.253,0,0,AMLAK,Banks,Amlak Finance P.J.S.C,DFM,UAE,0,0
3/25/20,0.235,0.255,0.235,101,8629511,2132891.29,0.255,25/03/2020,0.226,0.255,0.03,0,AMLAK,Banks,Amlak Finance P.J.S.C,DFM,UAE,0,0
3/24/20,0.226,0.234,0.222,59,7776289,1786444.55,0.226,24/03/2020,0.21,0.226,0.02,0,AMLAK,Banks,Amlak Finance P.J.S.C,DFM,UAE,0,0
3/23/20,0.22,0.22,0.21,28,3334885,710618.87,0.21,23/03/2020,0.221,0.21,-0.01,0,AMLAK,Banks,Amlak Finance P.J.S.C,DFM,UAE,0,0
3/22/20,0.23,0.23,0.22,57,5339819,1190646.81,0.221,22/03/2020,0.23,0.221,-0.01,0,AMLAK,Banks,Amlak Finance P.J.S.C,DFM,UAE,0,0
3/19/20,0.203,0.234,0.203,126,7898007,1762935.8,0.23,19/03/2020,0.21,0.23,0.02,0,AMLAK,Banks,Amlak Finance P.J.S.C,DFM,UAE,0,0
3/18/20,0.22,0.22,0.21,61,5144310,1119413.32,0.21,18/03/2020,0.21,0.21,0,0,AMLAK,Banks,Amlak Finance P.J.S.C,DFM,UAE,0,0
3/17/20,0.203,0.222,0.2,70,5088656,1051893.32,0.21,17/03/2020,0.219,0.21,-0.01,0,AMLAK,Banks,Amlak Finance P.J.S.C,DFM,UAE,0,0
3/16/20,0.224,0.249,0.219,156,19752446,4458510.5,0.219,16/03/2020,0.243,0.219,-0.02,0,AMLAK,Banks,Amlak Finance P.J.S.C,DFM,UAE,0,0
3/15/20,0.285,0.285,0.243,200,19232550,4776872.61,0.243,15/03/2020,0.269,0.243,-0.03,0,AMLAK,Banks,Amlak Finance P.J.S.C,DFM,UAE,0,0
12/3/20,0.268,0.275,0.268,86,7578075,2034387.1,0.269,12/3/20,0.297,0.269,-0.03,0,AMLAK,Banks,Amlak Finance P.J.S.C,DFM,UAE,0,0
11/3/20,0.325,0.325,0.297,51,5004866,1509519.83,0.297,11/3/20,0.329,0.297,-0.03,0,AMLAK,Banks,Amlak Finance P.J.S.C,DFM,UAE,0,0
10/3/20,0.327,0.339,0.322,112,8333973,2737494.61,0.329,10/3/20,0.312,0.329,0.02,0,AMLAK,Banks,Amlak Finance P.J.S.C,DFM,UAE,0,0
9/3/20,0.306,0.318,0.306,81,7023628,2151335.56,0.312,9/3/20,0.34,0.312,-0.03,0,AMLAK,Banks,Amlak Finance P.J.S.C,DFM,UAE,0,0
8/3/20,0.365,0.365,0.34,164,19021531,6530602.44,0.34,8/3/20,0.377,0.34,-0.04,0,AMLAK,Banks,Amlak Finance P.J.S.C,DFM,UAE,0,0
5/3/20,0.404,0.407,0.366,68,4888913,1893554.06,0.377,5/3/20,0.395,0.377,-0.02,0,AMLAK,Banks,Amlak Finance P.J.S.C,DFM,UAE,0,0
4/3/20,0.4,0.402,0.39,54,7751895,3071235.28,0.395,4/3/20,0.406,0.395,-0.01,0,AMLAK,Banks,Amlak Finance P.J.S.C,DFM,UAE,0,0
3/3/20,0.423,0.425,0.405,74,4093890,1693848.24,0.406,3/3/20,0.41,0.406,0,0,AMLAK,Banks,Amlak Finance P.J.S.C,DFM,UAE,0,0
2/3/20,0.41,0.42,0.408,58,4174605,1730060.7,0.41,2/3/20,0.39,0.41,0.02,0,AMLAK,Banks,Amlak Finance P.J.S.C,DFM,UAE,0,0
1/3/20,0.39,0.405,0.39,56,2304415,911414.15,0.39,1/3/20,0.422,0.39,-0.03,0,AMLAK,Banks,Amlak Finance P.J.S.C,DFM,UAE,0,0
2/27/20,0.42,0.422,0.412,19,638630,267633.23,0.422,27/02/2020,0.423,0.422,0,0,AMLAK,Banks,Amlak Finance P.J.S.C,DFM,UAE,0,0
2/26/20,0.416,0.427,0.416,40,1619721,680869.01,0.423,26/02/2020,0.42,0.423,0,0,AMLAK,Banks,Amlak Finance P.J.S.C,DFM,UAE,0,0
2/25/20,0.43,0.433,0.415,64,3342831,1413354.5,0.42,25/02/2020,0.437,0.42,-0.02,0,AMLAK,Banks,Amlak Finance P.J.S.C,DFM,UAE,0,0
8/20/20,0.69,0.72,0.69,35,2060027,1459232.75,0.71,20/08/2020,0.68,0.71,0.03,0,AJMANBANK,Banks,Ajman Bank PJSC,DFM,UAE,0,0
8/19/20,0.677,0.699,0.677,14,322145,220268.36,0.68,19/08/2020,0.683,0.68,0,0,AJMANBANK,Banks,Ajman Bank PJSC,DFM,UAE,0,0
8/18/20,0.69,0.69,0.681,15,493200,336506.67,0.683,18/08/2020,0.699,0.683,-0.02,0,AJMANBANK,Banks,Ajman Bank PJSC,DFM,UAE,0,0
8/17/20,0.67,0.699,0.66,29,1429412,978656.63,0.699,17/08/2020,0.67,0.699,0.03,0,AJMANBANK,Banks,Ajman Bank PJSC,DFM,UAE,0,0
8/16/20,0.66,0.67,0.656,14,325796,217231.92,0.67,16/08/2020,0.65,0.67,0.02,0,AJMANBANK,Banks,Ajman Bank PJSC,DFM,UAE,0,0
8/13/20,0.64,0.669,0.64,39,1548542,1017080.93,0.65,13/08/2020,0.63,0.65,0.02,0,AJMANBANK,Banks,Ajman Bank PJSC,DFM,UAE,0,0
12/8/20,0.61,0.639,0.61,43,1680356,1049181.22,0.63,12/8/20,0.61,0.63,0.02,0,AJMANBANK,Banks,Ajman Bank PJSC,DFM,UAE,0,0
11/8/20,0.6,0.61,0.6,5,175000,106714.58,0.61,11/8/20,0.61,0.61,0,0,AJMANBANK,Banks,Ajman Bank PJSC,DFM,UAE,0,0
10/8/20,0.6,0.611,0.6,11,327000,198072.99,0.61,10/8/20,0.609,0.61,0,0,AJMANBANK,Banks,Ajman Bank PJSC,DFM,UAE,0,0
9/8/20,0.592,0.63,0.592,12,875900,538031.03,0.609,9/8/20,0.6,0.609,0.01,0,AJMANBANK,Banks,Ajman Bank PJSC,DFM,UAE,0,0
6/8/20,0.6,0.63,0.598,20,821045,502702.66,0.6,6/8/20,0.584,0.6,0.02,0,AJMANBANK,Banks,Ajman Bank PJSC,DFM,UAE,0,0
5/8/20,0.59,0.6,0.584,6,123256,72996.42,0.584,5/8/20,0.581,0.584,0,0,AJMANBANK,Banks,Ajman Bank PJSC,DFM,UAE,0,0
4/8/20,0.58,0.581,0.58,3,9301,5399.23,0.581,4/8/20,0.592,0.581,-0.01,0,AJMANBANK,Banks,Ajman Bank PJSC,DFM,UAE,0,0
3/8/20,0.592,0.592,0.592,2,11183,6620.34,0.592,3/8/20,0.592,0.592,0,0,AJMANBANK,Banks,Ajman Bank PJSC,DFM,UAE,0,0
7/29/20,0.592,0.592,0.592,1,800000,473600,0.592,29/07/2020,0.592,0.592,0,0,AJMANBANK,Banks,Ajman Bank PJSC,DFM,UAE,0,0
7/28/20,0,0,0,0,0,0,0,27/07/2020,0.592,0.592,0,0,AJMANBANK,Banks,Ajman Bank PJSC,DFM,UAE,0,0
7/27/20,0.6,0.6,0.59,12,420990,250163.55,0.592,27/07/2020,0.607,0.592,-0.02,0,AJMANBANK,Banks,Ajman Bank PJSC,DFM,UAE,0,0
7/26/20,0.59,0.607,0.59,2,3355243,2036500.58,0.607,26/07/2020,0.59,0.607,0.02,0,AJMANBANK,Banks,Ajman Bank PJSC,DFM,UAE,0,0
7/23/20,0.599,0.599,0.59,2,101000,59599,0.59,23/07/2020,0.599,0.59,-0.01,0,AJMANBANK,Banks,Ajman Bank PJSC,DFM,UAE,0,0
7/22/20,0.59,0.599,0.58,4,116350,68722.03,0.599,22/07/2020,0.599,0.599,0,0,AJMANBANK,Banks,Ajman Bank PJSC,DFM,UAE,0,0
7/21/20,0.59,0.599,0.581,4,180975,106379.03,0.599,21/07/2020,0.59,0.599,0.01,0,AJMANBANK,Banks,Ajman Bank PJSC,DFM,UAE,0,0
7/20/20,0.588,0.59,0.588,3,54100,31829,0.59,20/07/2020,0.589,0.59,0,0,AJMANBANK,Banks,Ajman Bank PJSC,DFM,UAE,0,0
7/19/20,0.589,0.589,0.589,2,5000,2945,0.589,19/07/2020,0.583,0.589,0.01,0,AJMANBANK,Banks,Ajman Bank PJSC,DFM,UAE,0,0
7/16/20,0.583,0.59,0.583,5,154526,90141.51,0.583,16/07/2020,0.585,0.583,0,0,AJMANBANK,Banks,Ajman Bank PJSC,DFM,UAE,0,0
7/15/20,0.582,0.59,0.58,7,423965,246717.91,0.585,15/07/2020,0.584,0.585,0,0,AJMANBANK,Banks,Ajman Bank PJSC,DFM,UAE,0,0
7/14/20,0.58,0.584,0.58,3,47000,27398.5,0.584,14/07/2020,0.59,0.584,-0.01,0,AJMANBANK,Banks,Ajman Bank PJSC,DFM,UAE,0,0
7/13/20,0.585,0.59,0.585,3,59600,34964,0.59,13/07/2020,0.59,0.59,0,0,AJMANBANK,Banks,Ajman Bank PJSC,DFM,UAE,0,0
12/7/20,0.591,0.591,0.585,8,682383,402659.07,0.59,12/7/20,0.6,0.59,-0.01,0,AJMANBANK,Banks,Ajman Bank PJSC,DFM,UAE,0,0
9/7/20,0.6,0.6,0.6,1,1500,900,0.6,9/7/20,0.591,0.6,0.01,0,AJMANBANK,Banks,Ajman Bank PJSC,DFM,UAE,0,0
8/7/20,0.6,0.6,0.591,3,28562,16912.2,0.591,8/7/20,0.6,0.591,-0.01,0,AJMANBANK,Banks,Ajman Bank PJSC,DFM,UAE,0,0
7/7/20,0.6,0.609,0.6,12,7100803,4260598.85,0.6,7/7/20,0.6,0.6,0,0,AJMANBANK,Banks,Ajman Bank PJSC,DFM,UAE,0,0
6/7/20,0.59,0.6,0.581,4,109180,64313.57,0.6,6/7/20,0.58,0.6,0.02,0,AJMANBANK,Banks,Ajman Bank PJSC,DFM,UAE,0,0
5/7/20,0.596,0.596,0.58,6,240847,140776.26,0.58,5/7/20,0.581,0.58,0,0,AJMANBANK,Banks,Ajman Bank PJSC,DFM,UAE,0,0
2/7/20,0.581,0.581,0.581,1,4140,2405.34,0.581,2/7/20,0.6,0.581,-0.02,0,AJMANBANK,Banks,Ajman Bank PJSC,DFM,UAE,0,0
1/7/20,0,0,0,0,0,0,0,30/06/2020,0.6,0.6,0,0,AJMANBANK,Banks,Ajman Bank PJSC,DFM,UAE,0,0
6/30/20,0.59,0.6,0.59,5,140239,83994.9,0.6,30/06/2020,0.6,0.6,0,0,AJMANBANK,Banks,Ajman Bank PJSC,DFM,UAE,0,0
6/29/20,0.605,0.61,0.59,4,105000,62887.76,0.6,29/06/2020,0.6,0.6,0,0,AJMANBANK,Banks,Ajman Bank PJSC,DFM,UAE,0,0
6/28/20,0.571,0.619,0.571,6,260000,156960.16,0.6,28/06/2020,0.586,0.6,0.01,0,AJMANBANK,Banks,Ajman Bank PJSC,DFM,UAE,0,0
6/25/20,0,0,0,0,0,0,0,24/06/2020,0.586,0.586,0,0,AJMANBANK,Banks,Ajman Bank PJSC,DFM,UAE,0,0
6/24/20,0.598,0.6,0.586,11,573206,342709.34,0.586,24/06/2020,0.59,0.586,0,0,AJMANBANK,Banks,Ajman Bank PJSC,DFM,UAE,0,0
6/23/20,0.59,0.59,0.59,5,195044,115075.96,0.59,23/06/2020,0.59,0.59,0,0,AJMANBANK,Banks,Ajman Bank PJSC,DFM,UAE,0,0
6/22/20,0.58,0.604,0.58,24,1308440,767708.24,0.59,22/06/2020,0.59,0.59,0,0,AJMANBANK,Banks,Ajman Bank PJSC,DFM,UAE,0,0
6/21/20,0.59,0.59,0.59,1,607,358.13,0.59,21/06/2020,0.59,0.59,0,0,AJMANBANK,Banks,Ajman Bank PJSC,DFM,UAE,0,0
6/18/20,0.581,0.597,0.58,6,165393,97508.17,0.59,18/06/2020,0.586,0.59,0,0,AJMANBANK,Banks,Ajman Bank PJSC,DFM,UAE,0,0
6/17/20,0.604,0.604,0.586,5,102477,60496.49,0.586,17/06/2020,0.598,0.586,-0.01,0,AJMANBANK,Banks,Ajman Bank PJSC,DFM,UAE,0,0
6/16/20,0.585,0.598,0.585,5,113777,66611.55,0.598,16/06/2020,0.6,0.598,0,0,AJMANBANK,Banks,Ajman Bank PJSC,DFM,UAE,0,0
6/15/20,0.599,0.6,0.599,4,91252,54677.46,0.6,15/06/2020,0.589,0.6,0.01,0,AJMANBANK,Banks,Ajman Bank PJSC,DFM,UAE,0,0
6/14/20,0,0,0,0,0,0,0,11/6/20,0.589,0.589,0,0,AJMANBANK,Banks,Ajman Bank PJSC,DFM,UAE,0,0
11/6/20,0.606,0.606,0.588,4,147655,87009.23,0.589,11/6/20,0.587,0.589,0,0,AJMANBANK,Banks,Ajman Bank PJSC,DFM,UAE,0,0
10/6/20,0.609,0.609,0.587,4,13128,7964.86,0.587,10/6/20,0.609,0.587,-0.02,0,AJMANBANK,Banks,Ajman Bank PJSC,DFM,UAE,0,0
9/6/20,0.591,0.609,0.591,4,53800,31930.8,0.609,9/6/20,0.609,0.609,0,0,AJMANBANK,Banks,Ajman Bank PJSC,DFM,UAE,0,0
8/6/20,0.605,0.61,0.6,22,770602,467336.64,0.609,8/6/20,0.6,0.609,0.01,0,AJMANBANK,Banks,Ajman Bank PJSC,DFM,UAE,0,0
7/6/20,0.61,0.61,0.591,15,399665,240697.24,0.6,7/6/20,0.6,0.6,0,0,AJMANBANK,Banks,Ajman Bank PJSC,DFM,UAE,0,0
4/6/20,0.609,0.61,0.6,3,90770,54934.5,0.6,4/6/20,0.573,0.6,0.03,0,AJMANBANK,Banks,Ajman Bank PJSC,DFM,UAE,0,0
3/6/20,0.569,0.573,0.567,9,318255,181409.86,0.573,3/6/20,0.558,0.573,0.02,0,AJMANBANK,Banks,Ajman Bank PJSC,DFM,UAE,0,0
2/6/20,0.57,0.57,0.551,9,296439,164712.68,0.558,2/6/20,0.57,0.558,-0.01,0,AJMANBANK,Banks,Ajman Bank PJSC,DFM,UAE,0,0
1/6/20,0.56,0.57,0.56,8,176573,99155.32,0.57,1/6/20,0.555,0.57,0.02,0,AJMANBANK,Banks,Ajman Bank PJSC,DFM,UAE,0,0
5/31/20,0.545,0.555,0.545,5,171226,94193.02,0.555,31/05/2020,0.557,0.555,0,0,AJMANBANK,Banks,Ajman Bank PJSC,DFM,UAE,0,0
5/28/20,0.563,0.564,0.556,7,215301,120252.56,0.557,28/05/2020,0.558,0.557,0,0,AJMANBANK,Banks,Ajman Bank PJSC,DFM,UAE,0,0
5/27/20,0.556,0.558,0.556,4,250371,139706.28,0.558,27/05/2020,0.555,0.558,0,0,AJMANBANK,Banks,Ajman Bank PJSC,DFM,UAE,0,0
5/21/20,0.545,0.555,0.545,3,112456,62288.52,0.555,21/05/2020,0.545,0.555,0.01,0,AJMANBANK,Banks,Ajman Bank PJSC,DFM,UAE,0,0
5/20/20,0.55,0.55,0.545,4,111000,61028.06,0.545,20/05/2020,0.55,0.545,-0.01,0,AJMANBANK,Banks,Ajman Bank PJSC,DFM,UAE,0,0
5/19/20,0.56,0.56,0.545,11,453389,248591.81,0.55,19/05/2020,0.557,0.55,-0.01,0,AJMANBANK,Banks,Ajman Bank PJSC,DFM,UAE,0,0
5/18/20,0.568,0.568,0.54,20,814035,444562.28,0.557,18/05/2020,0.553,0.557,0,0,AJMANBANK,Banks,Ajman Bank PJSC,DFM,UAE,0,0
5/17/20,0.55,0.56,0.543,24,733568,403602.5,0.553,17/05/2020,0.561,0.553,-0.01,0,AJMANBANK,Banks,Ajman Bank PJSC,DFM,UAE,0,0
5/14/20,0,0,0,0,0,0,0,13/05/2020,0.561,0.561,0,0,AJMANBANK,Banks,Ajman Bank PJSC,DFM,UAE,0,0
5/13/20,0.571,0.571,0.55,9,243781,136082.06,0.561,13/05/2020,0.57,0.561,-0.01,0,AJMANBANK,Banks,Ajman Bank PJSC,DFM,UAE,0,0
12/5/20,0.57,0.57,0.57,5,217214,123811.98,0.57,12/5/20,0.574,0.57,0,0,AJMANBANK,Banks,Ajman Bank PJSC,DFM,UAE,0,0
11/5/20,0.573,0.577,0.573,11,521120,299190.16,0.574,11/5/20,0.597,0.574,-0.02,0,AJMANBANK,Banks,Ajman Bank PJSC,DFM,UAE,0,0
10/5/20,0.581,0.597,0.573,6,246628,143001.84,0.597,10/5/20,0.597,0.597,0,0,AJMANBANK,Banks,Ajman Bank PJSC,DFM,UAE,0,0
7/5/20,0.596,0.597,0.596,6,520408,310613.58,0.597,7/5/20,0.599,0.597,0,0,AJMANBANK,Banks,Ajman Bank PJSC,DFM,UAE,0,0
6/5/20,0.605,0.605,0.588,16,499138,294930.76,0.599,6/5/20,0.615,0.599,-0.02,0,AJMANBANK,Banks,Ajman Bank PJSC,DFM,UAE,0,0
5/5/20,0.6,0.615,0.59,4,66729,40022.4,0.615,5/5/20,0.6,0.615,0.02,0,AJMANBANK,Banks,Ajman Bank PJSC,DFM,UAE,0,0
4/5/20,0.557,0.6,0.557,14,204328,121444.38,0.6,4/5/20,0.58,0.6,0.02,0,AJMANBANK,Banks,Ajman Bank PJSC,DFM,UAE,0,0
3/5/20,0.6,0.6,0.575,13,381935,223383.39,0.58,3/5/20,0.605,0.58,-0.03,0,AJMANBANK,Banks,Ajman Bank PJSC,DFM,UAE,0,0
4/30/20,0.619,0.628,0.6,24,883529,538107.83,0.605,30/04/2020,0.611,0.605,-0.01,0,AJMANBANK,Banks,Ajman Bank PJSC,DFM,UAE,0,0
4/29/20,0.62,0.627,0.595,22,685679,423392.45,0.611,29/04/2020,0.619,0.611,-0.01,0,AJMANBANK,Banks,Ajman Bank PJSC,DFM,UAE,0,0
4/28/20,0.59,0.619,0.59,20,903763,542034.83,0.619,28/04/2020,0.589,0.619,0.03,0,AJMANBANK,Banks,Ajman Bank PJSC,DFM,UAE,0,0
4/27/20,0.59,0.599,0.57,21,881392,510805.94,0.589,27/04/2020,0.589,0.589,0,0,AJMANBANK,Banks,Ajman Bank PJSC,DFM,UAE,0,0
4/26/20,0.58,0.589,0.58,3,132538,77209.54,0.589,26/04/2020,0.58,0.589,0.01,0,AJMANBANK,Banks,Ajman Bank PJSC,DFM,UAE,0,0
4/23/20,0.578,0.58,0.57,6,83450,47925.55,0.58,23/04/2020,0.57,0.58,0.01,0,AJMANBANK,Banks,Ajman Bank PJSC,DFM,UAE,0,0
4/22/20,0.57,0.57,0.57,1,18658,10635.06,0.57,22/04/2020,0.57,0.57,0,0,AJMANBANK,Banks,Ajman Bank PJSC,DFM,UAE,0,0
4/21/20,0.574,0.574,0.57,4,60000,34400,0.57,21/04/2020,0.574,0.57,0,0,AJMANBANK,Banks,Ajman Bank PJSC,DFM,UAE,0,0
4/20/20,0.575,0.575,0.574,2,75000,43115,0.574,20/04/2020,0.6,0.574,-0.03,0,AJMANBANK,Banks,Ajman Bank PJSC,DFM,UAE,0,0
4/19/20,0.579,0.6,0.579,4,59574,35318.18,0.6,19/04/2020,0.58,0.6,0.02,0,AJMANBANK,Banks,Ajman Bank PJSC,DFM,UAE,0,0
4/16/20,0.599,0.6,0.544,8,142582,83160.61,0.58,16/04/2020,0.57,0.58,0.01,0,AJMANBANK,Banks,Ajman Bank PJSC,DFM,UAE,0,0
4/15/20,0.599,0.599,0.57,2,88448,51820.35,0.57,15/04/2020,0.599,0.57,-0.03,0,AJMANBANK,Banks,Ajman Bank PJSC,DFM,UAE,0,0
4/14/20,0.599,0.599,0.599,1,500,299.5,0.599,14/04/2020,0.585,0.599,0.01,0,AJMANBANK,Banks,Ajman Bank PJSC,DFM,UAE,0,0
4/13/20,0.572,0.585,0.572,10,295290,171655.88,0.585,13/04/2020,0.599,0.585,-0.01,0,AJMANBANK,Banks,Ajman Bank PJSC,DFM,UAE,0,0
12/4/20,0.58,0.599,0.58,12,274052,160607.15,0.599,12/4/20,0.59,0.599,0.01,0,AJMANBANK,Banks,Ajman Bank PJSC,DFM,UAE,0,0
9/4/20,0.561,0.59,0.561,2,16000,9002.59,0.59,9/4/20,0.561,0.59,0.03,0,AJMANBANK,Banks,Ajman Bank PJSC,DFM,UAE,0,0
8/4/20,0.59,0.59,0.561,18,1022926,578540.34,0.561,8/4/20,0.59,0.561,-0.03,0,AJMANBANK,Banks,Ajman Bank PJSC,DFM,UAE,0,0
7/4/20,0.55,0.59,0.548,14,415674,231063.88,0.59,7/4/20,0.548,0.59,0.04,0,AJMANBANK,Banks,Ajman Bank PJSC,DFM,UAE,0,0
6/4/20,0.526,0.549,0.526,7,103449,56413.6,0.548,6/4/20,0.526,0.548,0.02,0,AJMANBANK,Banks,Ajman Bank PJSC,DFM,UAE,0,0
5/4/20,0.526,0.529,0.526,6,131011,69031.79,0.526,5/4/20,0.522,0.526,0,0,AJMANBANK,Banks,Ajman Bank PJSC,DFM,UAE,0,0
2/4/20,0.53,0.53,0.522,3,20813,10984.39,0.522,2/4/20,0.541,0.522,-0.02,0,AJMANBANK,Banks,Ajman Bank PJSC,DFM,UAE,0,0
1/4/20,0.54,0.55,0.525,11,366590,195341.96,0.541,1/4/20,0.548,0.541,-0.01,0,AJMANBANK,Banks,Ajman Bank PJSC,DFM,UAE,0,0
3/31/20,0.529,0.55,0.529,13,202820,108453.44,0.548,31/03/2020,0.53,0.548,0.02,0,AJMANBANK,Banks,Ajman Bank PJSC,DFM,UAE,0,0
3/30/20,0.53,0.53,0.53,2,27224,14428.72,0.53,30/03/2020,0.53,0.53,0,0,AJMANBANK,Banks,Ajman Bank PJSC,DFM,UAE,0,0
3/29/20,0.53,0.535,0.522,16,521028,274535.52,0.53,29/03/2020,0.53,0.53,0,0,AJMANBANK,Banks,Ajman Bank PJSC,DFM,UAE,0,0
3/26/20,0.53,0.53,0.53,5,79551,42162.03,0.53,26/03/2020,0.549,0.53,-0.02,0,AJMANBANK,Banks,Ajman Bank PJSC,DFM,UAE,0,0
3/25/20,0.56,0.56,0.506,20,510692,275864.65,0.549,25/03/2020,0.53,0.549,0.02,0,AJMANBANK,Banks,Ajman Bank PJSC,DFM,UAE,0,0
3/24/20,0.522,0.53,0.52,7,467522,244805.44,0.53,24/03/2020,0.515,0.53,0.02,0,AJMANBANK,Banks,Ajman Bank PJSC,DFM,UAE,0,0
3/23/20,0.515,0.55,0.515,5,85787,45755.31,0.515,23/03/2020,0.515,0.515,0,0,AJMANBANK,Banks,Ajman Bank PJSC,DFM,UAE,0,0
3/22/20,0.547,0.547,0.515,5,15917,8577.58,0.515,22/03/2020,0.54,0.515,-0.03,0,AJMANBANK,Banks,Ajman Bank PJSC,DFM,UAE,0,0
3/19/20,0.51,0.54,0.497,19,837027,424557.61,0.54,19/03/2020,0.522,0.54,0.02,0,AJMANBANK,Banks,Ajman Bank PJSC,DFM,UAE,0,0
3/18/20,0.525,0.545,0.51,10,8543248,4407025.96,0.522,18/03/2020,0.53,0.522,-0.01,0,AJMANBANK,Banks,Ajman Bank PJSC,DFM,UAE,0,0
3/17/20,0.525,0.54,0.525,11,1099549,583049.31,0.53,17/03/2020,0.53,0.53,0,0,AJMANBANK,Banks,Ajman Bank PJSC,DFM,UAE,0,0
3/16/20,0.562,0.575,0.53,17,543414,298434.18,0.53,16/03/2020,0.542,0.53,-0.01,0,AJMANBANK,Banks,Ajman Bank PJSC,DFM,UAE,0,0
3/15/20,0.573,0.596,0.52,19,506578,273553.11,0.542,15/03/2020,0.572,0.542,-0.03,0,AJMANBANK,Banks,Ajman Bank PJSC,DFM,UAE,0,0
12/3/20,0.59,0.59,0.556,10,1505999,861081.73,0.572,12/3/20,0.615,0.572,-0.04,0,AJMANBANK,Banks,Ajman Bank PJSC,DFM,UAE,0,0
11/3/20,0.639,0.639,0.61,34,4110799,2538730.94,0.615,11/3/20,0.61,0.615,0.01,0,AJMANBANK,Banks,Ajman Bank PJSC,DFM,UAE,0,0
10/3/20,0.605,0.66,0.6,63,11857440,7143446.63,0.61,10/3/20,0.6,0.61,0.01,0,AJMANBANK,Banks,Ajman Bank PJSC,DFM,UAE,0,0
9/3/20,0.586,0.624,0.586,23,586247,344711.41,0.6,9/3/20,0.651,0.6,-0.05,0,AJMANBANK,Banks,Ajman Bank PJSC,DFM,UAE,0,0
8/3/20,0.695,0.7,0.643,21,347950,232462.56,0.651,8/3/20,0.712,0.651,-0.06,0,AJMANBANK,Banks,Ajman Bank PJSC,DFM,UAE,0,0
5/3/20,0.702,0.717,0.7,15,372700,263217.4,0.712,5/3/20,0.701,0.712,0.01,0,AJMANBANK,Banks,Ajman Bank PJSC,DFM,UAE,0,0
4/3/20,0.7,0.725,0.7,7,296689,207891.55,0.701,4/3/20,0.706,0.701,-0.01,0,AJMANBANK,Banks,Ajman Bank PJSC,DFM,UAE,0,0
3/3/20,0.733,0.755,0.706,23,799854,574078.64,0.706,3/3/20,0.741,0.706,-0.04,0,AJMANBANK,Banks,Ajman Bank PJSC,DFM,UAE,0,0
2/3/20,0.737,0.791,0.73,13,312408,238331.98,0.741,2/3/20,0.7,0.741,0.04,0,AJMANBANK,Banks,Ajman Bank PJSC,DFM,UAE,0,0
1/3/20,0.704,0.74,0.69,16,293725,207946.44,0.7,1/3/20,0.735,0.7,-0.04,0,AJMANBANK,Banks,Ajman Bank PJSC,DFM,UAE,0,0
2/27/20,0.771,0.78,0.721,35,2265470,1694347.96,0.735,27/02/2020,0.78,0.735,-0.05,0,AJMANBANK,Banks,Ajman Bank PJSC,DFM,UAE,0,0
2/26/20,0.84,0.84,0.78,22,879897,699636.64,0.78,26/02/2020,0.84,0.78,-0.06,0,AJMANBANK,Banks,Ajman Bank PJSC,DFM,UAE,0,0
2/25/20,0.842,0.842,0.84,3,27016,22719.44,0.84,25/02/2020,0.845,0.84,-0.01,0,AJMANBANK,Banks,Ajman Bank PJSC,DFM,UAE,0,0